Zipcode,Population,Median Age,Household Income,Per Capita Income,Poverty Count,Year,Zipcode_Year
30002,6123,36.8,50174,35407,1401,2013,30002_2013
30002,5925,37.8,47297,35901,1249,2014,30002_2014
30002,5835,39.8,47386,38291,1134,2015,30002_2015
30002,5866,40.5,48403,38995,1243,2016,30002_2016
30002,5669,42.5,56750,43538,928,2017,30002_2017
30002,5920,42,59931,46123,944,2018,30002_2018
30002,6054,42,68679,48645,824,2019,30002_2019
30004,54714,36.7,95922,47376,2448,2013,30004_2013
30004,59106,37,96036,47025,2786,2014,30004_2014
30004,60229,37.3,97234,47697,3532,2015,30004_2015
30004,61418,37.8,100666,50151,3705,2016,30004_2016
30004,63135,37.5,107423,53158,3677,2017,30004_2017
30004,64232,38,111925,57107,3414,2018,30004_2018
30004,65294,38.4,119859,61267,2605,2019,30004_2019
30005,37014,35.7,102230,43754,1245,2013,30005_2013
30005,38030,35.6,102174,44227,1301,2014,30005_2014
30005,38887,35,106516,47434,1741,2015,30005_2015
30005,40526,36.3,119411,47467,1807,2016,30005_2016
30005,40488,37.3,127340,50979,1922,2017,30005_2017
30005,40056,37.6,127764,54106,1702,2018,30005_2018
30005,39420,38.1,128578,56982,1652,2019,30005_2019
30008,32366,31.2,42707,20113,7730,2013,30008_2013
30008,32050,31.5,44246,21210,7559,2014,30008_2014
30008,32905,31,46068,21845,7661,2015,30008_2015
30008,33900,31.1,44509,21566,7888,2016,30008_2016
30008,33276,31.2,45907,21529,7244,2017,30008_2017
30008,31982,32,47702,23201,5849,2018,30008_2018
30008,33637,32.3,51878,23798,5634,2019,30008_2019
30009,14584,38.3,72798,36235,965,2013,30009_2013
30009,14586,38.6,75379,39258,1268,2014,30009_2014
30009,14759,39.2,78308,40872,1430,2015,30009_2015
30009,14934,38.7,75725,42516,1402,2016,30009_2016
30009,15585,40.8,79933,48441,1458,2017,30009_2017
30009,16097,40.2,91811,51226,1258,2018,30009_2018
30009,17371,40.6,105890,55695,864,2019,30009_2019
30011,15328,34.7,53907,22215,1975,2013,30011_2013
30011,14997,35.2,58146,23116,1954,2014,30011_2014
30011,14600,35.9,57063,22805,1985,2015,30011_2015
30011,15631,34.3,59442,21602,2206,2016,30011_2016
30011,15766,33.9,60469,23336,1873,2017,30011_2017
30011,15428,34.6,62283,23901,1883,2018,30011_2018
30011,15806,35.5,66027,25755,1825,2019,30011_2019
30012,27342,34.1,42890,19244,5778,2013,30012_2013
30012,27479,33.7,41987,19038,5620,2014,30012_2014
30012,27233,34.1,38745,17409,6428,2015,30012_2015
30012,26807,34.3,37450,18082,6959,2016,30012_2016
30012,26919,33.6,40631,19984,6560,2017,30012_2017
30012,27605,33.3,43492,22224,6389,2018,30012_2018
30012,28591,34.9,47411,24882,5894,2019,30012_2019
30013,25636,35.3,54572,23463,3548,2013,30013_2013
30013,25496,35.7,51184,23294,4261,2014,30013_2014
30013,25947,36.3,49396,23197,4335,2015,30013_2015
30013,26487,37.1,50688,24124,4351,2016,30013_2016
30013,27354,37.2,55763,26056,3925,2017,30013_2017
30013,26368,38.8,61085,29517,2683,2018,30013_2018
30013,26555,38.1,62854,30882,2733,2019,30013_2019
30014,36840,34.8,45837,21915,6236,2013,30014_2013
30014,36913,36.3,44316,22264,6986,2014,30014_2014
30014,37433,36.6,44702,22486,6866,2015,30014_2015
30014,37656,36,44765,22528,7477,2016,30014_2016
30014,37359,36.1,46718,23750,7294,2017,30014_2017
30014,38445,35.3,48076,24003,8004,2018,30014_2018
30014,38041,35.6,52226,25340,6771,2019,30014_2019
30016,50852,34.2,51550,20226,7566,2013,30016_2013
30016,52159,33.9,50869,20373,8109,2014,30016_2014
30016,52641,34.1,50727,20112,8642,2015,30016_2015
30016,52584,34.6,55089,21256,7732,2016,30016_2016
30016,54131,34.8,56324,21994,8134,2017,30016_2017
30016,54242,35.6,54575,22693,9125,2018,30016_2018
30016,55279,35.9,57503,23522,8315,2019,30016_2019
30017,21151,38.5,78783,30719,1552,2013,30017_2013
30017,22776,37.5,82435,30461,1602,2014,30017_2014
30017,23676,38.8,85333,30260,1443,2015,30017_2015
30017,22891,40.6,82696,31760,1635,2016,30017_2016
30017,23949,39.5,87500,34736,1534,2017,30017_2017
30017,24416,38.4,93813,36482,1087,2018,30017_2018
30017,23415,39.1,97594,37824,1111,2019,30017_2019
30019,41483,34.6,77872,28231,3968,2013,30019_2013
30019,43422,36,82132,28673,4480,2014,30019_2014
30019,45624,35.6,84446,27999,4294,2015,30019_2015
30019,47792,35.6,87881,29184,4502,2016,30019_2016
30019,47421,35.9,90891,31610,3471,2017,30019_2017
30019,49262,36.9,96742,34586,3104,2018,30019_2018
30019,48782,36.5,99604,35265,3283,2019,30019_2019
30021,24504,29.7,31612,13536,9866,2013,30021_2013
30021,24878,29,30838,13348,10715,2014,30021_2014
30021,24196,29.5,32877,13915,9892,2015,30021_2015
30021,23780,29.1,32000,14300,9357,2016,30021_2016
30021,23978,28.6,32349,14114,8624,2017,30021_2017
30021,24137,28.6,34360,14736,8587,2018,30021_2018
30021,23493,28.5,36961,15122,7968,2019,30021_2019
30022,66120,37.5,99597,42659,2992,2013,30022_2013
30022,66674,38.3,97819,43196,2457,2014,30022_2014
30022,68274,38.5,98544,44303,2926,2015,30022_2015
30022,67903,38.5,98762,45937,3097,2016,30022_2016
30022,68690,38.6,103228,48715,3316,2017,30022_2017
30022,68807,39,105988,51002,2931,2018,30022_2018
30022,68945,39.8,113422,53679,3541,2019,30022_2019
30024,68650,36.2,99931,37352,4395,2013,30024_2013
30024,70891,36.9,100690,37761,4114,2014,30024_2014
30024,71960,37.1,101390,38113,3719,2015,30024_2015
30024,73917,37.1,102181,39144,4197,2016,30024_2016
30024,74804,37.9,103533,40664,3295,2017,30024_2017
30024,77334,38.6,108845,41368,3305,2018,30024_2018
30024,79000,38.1,113333,42954,3571,2019,30024_2019
30025,8756,40.2,49868,24565,933,2013,30025_2013
30025,9393,41.1,51012,25093,660,2014,30025_2014
30025,9312,39.9,50583,25171,741,2015,30025_2015
30025,9777,39.8,63480,27399,875,2016,30025_2016
30025,9318,43.3,59522,28389,899,2017,30025_2017
30025,9308,42.3,69710,31738,757,2018,30025_2018
30025,9679,41.5,70677,32314,782,2019,30025_2019
30028,21234,36.8,66724,25938,2151,2013,30028_2013
30028,22423,36.6,70713,26901,2408,2014,30028_2014
30028,23276,36.9,71585,27045,2556,2015,30028_2015
30028,24113,36.7,74303,29119,2368,2016,30028_2016
30028,24437,37.5,79043,32034,2260,2017,30028_2017
30028,24978,38.4,87759,34404,1996,2018,30028_2018
30028,27120,38.4,93518,36793,1826,2019,30028_2019
30030,25701,38.2,66134,41718,3653,2013,30030_2013
30030,26470,36.4,68171,41588,4047,2014,30030_2014
30030,27322,36,69721,42869,4010,2015,30030_2015
30030,27549,36.5,70666,43000,3978,2016,30030_2016
30030,28170,36.7,77789,46380,4141,2017,30030_2017
30030,29490,37,81331,48279,3606,2018,30030_2018
30030,30608,38.3,86698,53410,2880,2019,30030_2019
30032,48693,36.1,33475,16716,13136,2013,30032_2013
30032,48419,36.3,32264,17259,13306,2014,30032_2014
30032,48787,36.9,33524,17503,13540,2015,30032_2015
30032,48724,37,35117,18518,13274,2016,30032_2016
30032,49896,37.4,36660,19369,12208,2017,30032_2017
30032,49456,36.9,38448,20807,11106,2018,30032_2018
30032,47980,37.9,40485,22390,9638,2019,30032_2019
30033,29604,36.3,59997,35870,4388,2013,30033_2013
30033,30312,36.7,59780,35499,4890,2014,30033_2014
30033,31276,36.9,61892,37237,5438,2015,30033_2015
30033,31511,36.8,64480,37990,5853,2016,30033_2016
30033,31782,36.8,67462,41274,5034,2017,30033_2017
30033,32968,37.2,78053,44432,4225,2018,30033_2018
30033,32847,36.6,82726,47621,3729,2019,30033_2019
30034,45359,35.2,48210,20837,8648,2013,30034_2013
30034,44085,37.2,46815,20507,8555,2014,30034_2014
30034,43922,36.9,47500,21965,8034,2015,30034_2015
30034,44266,36.6,46656,22324,8014,2016,30034_2016
30034,45229,37.3,47890,23496,7758,2017,30034_2017
30034,46214,37.4,51603,25067,7469,2018,30034_2018
30034,48253,38.1,53662,26174,6779,2019,30034_2019
30035,20154,33.9,41584,18760,4366,2013,30035_2013
30035,20708,33.9,40882,18320,4638,2014,30035_2014
30035,20854,33.4,43483,18566,4438,2015,30035_2015
30035,21385,33.6,42585,19422,4907,2016,30035_2016
30035,22764,34.3,43998,20204,4818,2017,30035_2017
30035,22697,35.6,43595,21630,4520,2018,30035_2018
30035,23223,35.5,43761,23001,4650,2019,30035_2019
30038,39490,33.9,48856,24007,5199,2013,30038_2013
30038,40144,33.9,47025,23898,6565,2014,30038_2014
30038,41692,34.1,47907,23014,6249,2015,30038_2015
30038,42433,33.4,50302,24309,7053,2016,30038_2016
30038,39424,33,50931,24638,6078,2017,30038_2017
30038,39104,33.4,48203,24281,6849,2018,30038_2018
30038,39514,34.5,51862,26209,5185,2019,30038_2019
30039,42049,34.3,60819,24370,5463,2013,30039_2013
30039,42092,35.2,56791,23581,6259,2014,30039_2014
30039,43646,34.8,55770,22691,7460,2015,30039_2015
30039,44632,35.6,56760,23456,7099,2016,30039_2016
30039,45593,36.1,63935,25103,6062,2017,30039_2017
30039,46126,36.8,66774,25982,5665,2018,30039_2018
30039,47778,38,75546,28706,4707,2019,30039_2019
30040,58225,35.3,81378,30623,5236,2013,30040_2013
30040,59099,35.8,82234,31284,4664,2014,30040_2014
30040,61657,36.1,84462,32021,4412,2015,30040_2015
30040,64312,36.9,88668,34542,4248,2016,30040_2016
30040,66783,36.4,90925,36835,4845,2017,30040_2017
30040,70510,36.9,94377,38907,5031,2018,30040_2018
30040,72909,37.6,101181,41153,5245,2019,30040_2019
30041,56176,39.2,92733,38615,3658,2013,30041_2013
30041,56880,39.6,96439,39660,3438,2014,30041_2014
30041,57584,40.1,98269,40289,2981,2015,30041_2015
30041,59660,40.1,98458,41763,2715,2016,30041_2016
30041,64110,40,104202,43350,2971,2017,30041_2017
30041,66531,39.4,107284,44107,2816,2018,30041_2018
30041,69117,39.3,112396,45919,2988,2019,30041_2019
30043,83855,33.9,67260,26317,6861,2013,30043_2013
30043,83409,34.6,66486,26338,6732,2014,30043_2014
30043,86259,35.1,65376,25630,7407,2015,30043_2015
30043,87045,36,69788,27293,7174,2016,30043_2016
30043,88588,36.3,72728,28455,7559,2017,30043_2017
30043,90675,36.1,76493,29970,7702,2018,30043_2018
30043,91378,36.1,77443,31340,7238,2019,30043_2019
30044,81764,33.2,51827,22190,13520,2013,30044_2013
30044,83574,32.7,51604,22444,13308,2014,30044_2014
30044,86523,32.9,51974,22044,13413,2015,30044_2015
30044,87791,33.2,54220,22730,13288,2016,30044_2016
30044,89143,33,57334,23236,12728,2017,30044_2017
30044,88040,33.4,61130,24370,10536,2018,30044_2018
30044,89139,33.5,62958,25062,10158,2019,30044_2019
30045,33063,35.8,71401,25456,2579,2013,30045_2013
30045,33912,36.3,75884,26308,2397,2014,30045_2014
30045,33602,38,73186,26441,3149,2015,30045_2015
30045,35075,36.4,75470,27663,3272,2016,30045_2016
30045,38337,34.1,73475,26723,4331,2017,30045_2017
30045,40179,33.9,79568,28705,3758,2018,30045_2018
30045,43018,33,74219,26884,5188,2019,30045_2019
30046,34744,33.8,47003,19533,6847,2013,30046_2013
30046,35815,34.3,45117,19400,7135,2014,30046_2014
30046,36466,34.6,43610,19158,8438,2015,30046_2015
30046,36549,34.7,41971,19475,8269,2016,30046_2016
30046,36985,35.3,45874,22283,7272,2017,30046_2017
30046,37218,34.3,49084,23850,7492,2018,30046_2018
30046,37338,33.1,52789,24439,7117,2019,30046_2019
30047,61805,37.7,67395,27484,7414,2013,30047_2013
30047,62321,38,66955,27643,7695,2014,30047_2014
30047,62325,38.7,67644,27898,6624,2015,30047_2015
30047,64431,38.6,66139,28378,6761,2016,30047_2016
30047,66876,37.9,67897,28015,7133,2017,30047_2017
30047,65420,37.9,70307,29292,6518,2018,30047_2018
30047,65937,38.1,74521,30387,6145,2019,30047_2019
30052,59226,34.9,63338,24201,6124,2013,30052_2013
30052,58850,35.1,64993,24545,6007,2014,30052_2014
30052,59699,36,64492,24554,5212,2015,30052_2015
30052,62755,35.8,64749,24649,6025,2016,30052_2016
30052,63211,36.3,65993,25662,5884,2017,30052_2017
30052,65959,36.5,67394,26602,6238,2018,30052_2018
30052,68563,36.7,69620,28075,5612,2019,30052_2019
30054,11826,38.8,60798,24316,1396,2013,30054_2013
30054,11692,40,60752,24753,1448,2014,30054_2014
30054,11472,40.7,56667,23943,1497,2015,30054_2015
30054,11260,41.6,53786,23042,1702,2016,30054_2016
30054,11360,42.9,59929,25435,1613,2017,30054_2017
30054,11904,42,61843,26643,1711,2018,30054_2018
30054,12318,41.3,63194,27702,1380,2019,30054_2019
30056,2229,44.6,45336,21180,456,2013,30056_2013
30056,2242,47.8,49474,23806,465,2014,30056_2014
30056,2303,44.4,53646,22984,533,2015,30056_2015
30056,2322,40,47702,22245,623,2016,30056_2016
30056,2534,42,49844,24805,596,2017,30056_2017
30056,2217,43.3,50462,25366,461,2018,30056_2018
30056,2262,41.1,56250,27302,267,2019,30056_2019
30058,54053,31.5,45792,20649,9821,2013,30058_2013
30058,53237,34,46459,20836,9735,2014,30058_2014
30058,53971,34.7,46924,21216,8774,2015,30058_2015
30058,54918,35.4,47191,21697,9259,2016,30058_2016
30058,56428,35.7,48811,22505,9318,2017,30058_2017
30058,57658,35.2,51470,24060,9408,2018,30058_2018
30058,59751,34.9,54423,25544,9229,2019,30058_2019
30060,35761,30.2,36284,16627,9579,2013,30060_2013
30060,35690,30.3,37162,16790,9601,2014,30060_2014
30060,37334,30,37324,17036,9930,2015,30060_2015
30060,38472,31.7,39267,18279,9449,2016,30060_2016
30060,39255,32.4,41130,19099,8625,2017,30060_2017
30060,40705,32.1,44597,20943,7956,2018,30060_2018
30060,40290,32.7,48506,23408,6695,2019,30060_2019
30062,63806,39.8,86352,38957,3832,2013,30062_2013
30062,63984,40.3,87302,39882,4126,2014,30062_2014
30062,65206,39.9,88063,39845,4462,2015,30062_2015
30062,65557,40.2,88513,40863,4233,2016,30062_2016
30062,67238,40.4,94437,42787,3624,2017,30062_2017
30062,66053,40.2,99101,44844,3618,2018,30062_2018
30062,65801,40.3,102269,46288,3634,2019,30062_2019
30064,46401,40.9,74603,36075,4308,2013,30064_2013
30064,45705,40.8,75597,36372,3839,2014,30064_2014
30064,46678,41.2,76000,37348,3743,2015,30064_2015
30064,47949,40.6,80652,38765,3335,2016,30064_2016
30064,47889,40.7,83375,40764,3791,2017,30064_2017
30064,49080,40.6,90567,43555,3077,2018,30064_2018
30064,49256,41,93413,45458,3046,2019,30064_2019
30066,52060,40.1,77661,36393,3638,2013,30066_2013
30066,52859,40.4,80409,37537,3542,2014,30066_2014
30066,52930,41,80766,38528,3568,2015,30066_2015
30066,53666,40.9,84430,39989,3541,2016,30066_2016
30066,54126,40.7,91364,42876,2863,2017,30066_2017
30066,55548,41.3,90034,41828,3546,2018,30066_2018
30066,55937,40.3,91840,44099,3588,2019,30066_2019
30067,45206,33.4,48093,34720,9217,2013,30067_2013
30067,47196,33.2,49933,35448,8993,2014,30067_2014
30067,47556,33.1,51088,35131,8615,2015,30067_2015
30067,48404,33.2,54956,36699,8564,2016,30067_2016
30067,46888,33.2,55681,39701,7700,2017,30067_2017
30067,46647,33.4,57816,40103,6632,2018,30067_2018
30067,46536,34.1,60281,40588,7093,2019,30067_2019
30068,33185,43,101284,46555,2172,2013,30068_2013
30068,32394,43.6,99036,47247,2167,2014,30068_2014
30068,32068,44.1,98786,49118,1959,2015,30068_2015
30068,31968,44.1,104227,50687,2052,2016,30068_2016
30068,32006,44.5,108105,52506,1497,2017,30068_2017
30068,32613,44.6,117475,55528,1602,2018,30068_2018
30068,32453,45.2,120851,58647,1369,2019,30068_2019
30070,253,37.1,32083,14728,72,2013,30070_2013
30070,351,29.4,34375,14169,102,2014,30070_2014
30070,424,29.2,34205,13837,107,2015,30070_2015
30070,507,28.9,32813,13385,138,2016,30070_2016
30070,476,28.4,26000,11635,171,2017,30070_2017
30070,484,27.9,17404,10723,213,2018,30070_2018
30070,426,39.5,15859,11013,219,2019,30070_2019
30071,21172,30.6,41165,20179,6367,2013,30071_2013
30071,23094,31.7,40729,19773,6825,2014,30071_2014
30071,24286,30.1,40915,18601,7779,2015,30071_2015
30071,24579,31,41484,18826,7042,2016,30071_2016
30071,24943,30.4,43951,20293,6122,2017,30071_2017
30071,25218,30.4,49175,21207,5916,2018,30071_2018
30071,25386,30.4,52672,21600,6302,2019,30071_2019
30072,588,47.3,52976,33277,86,2013,30072_2013
30072,674,45.4,54539,33818,98,2014,30072_2014
30072,648,47.4,52083,35006,100,2015,30072_2015
30072,644,48.9,46932,34851,67,2016,30072_2016
30072,630,48.3,48571,37000,53,2017,30072_2017
30072,727,48.8,55114,37819,45,2018,30072_2018
30072,730,48.7,55250,38023,60,2019,30072_2019
30075,55253,42.1,102305,47380,3776,2013,30075_2013
30075,54675,42.4,101744,47580,3526,2014,30075_2014
30075,54858,42.3,102258,48632,3684,2015,30075_2015
30075,54529,42.8,105642,50138,3623,2016,30075_2016
30075,53200,42.9,109786,53425,2837,2017,30075_2017
30075,53328,43.6,116923,56648,2061,2018,30075_2018
30075,53779,43.8,124329,60156,2208,2019,30075_2019
30076,41719,36.7,68108,37868,4527,2013,30076_2013
30076,43219,36.7,69426,38352,4587,2014,30076_2014
30076,43656,36.7,70896,38099,5581,2015,30076_2015
30076,44177,36.2,70697,37627,5298,2016,30076_2016
30076,45847,35.9,72719,38156,5648,2017,30076_2017
30076,46442,35.9,74454,39411,5293,2018,30076_2018
30076,46742,36.7,84846,42514,4910,2019,30076_2019
30078,34676,39.5,67018,28282,3440,2013,30078_2013
30078,34705,38.6,63288,28039,4066,2014,30078_2014
30078,35206,38.5,64383,27754,4505,2015,30078_2015
30078,33469,39,61909,28824,4422,2016,30078_2016
30078,34871,38.7,72207,31024,3438,2017,30078_2017
30078,35824,37.9,70966,31693,3132,2018,30078_2018
30078,35601,38.7,71071,31726,2960,2019,30078_2019
30079,3507,31.1,30139,16707,1543,2013,30079_2013
30079,2905,32.3,32121,19007,1195,2014,30079_2014
30079,2861,32.1,35313,20404,1188,2015,30079_2015
30079,2894,31.7,42642,21329,1045,2016,30079_2016
30079,2675,37.6,44706,28831,548,2017,30079_2017
30079,2824,36.9,48750,27853,699,2018,30079_2018
30079,3973,38.8,51318,24494,645,2019,30079_2019
30080,53298,32.6,52249,36047,8132,2013,30080_2013
30080,54252,32.9,51697,36773,9022,2014,30080_2014
30080,54407,33.1,55830,37308,8564,2015,30080_2015
30080,55746,33,60573,37541,8193,2016,30080_2016
30080,54829,33.5,65159,40675,6944,2017,30080_2017
30080,55361,33.2,68529,43192,6967,2018,30080_2018
30080,57067,33.7,72066,46391,6041,2019,30080_2019
30082,24720,36.1,70884,36740,3816,2013,30082_2013
30082,26152,35.5,70023,34878,3886,2014,30082_2014
30082,26974,36.6,69338,34439,3782,2015,30082_2015
30082,26876,36.8,72218,35652,3382,2016,30082_2016
30082,28529,36.6,74180,35827,3754,2017,30082_2017
30082,29011,36.6,75548,37617,3389,2018,30082_2018
30082,27840,38.2,76327,41227,2358,2019,30082_2019
30083,52056,32.6,41179,18916,11444,2013,30083_2013
30083,53914,32.4,39335,18039,13265,2014,30083_2014
30083,54845,33.2,38007,17511,15073,2015,30083_2015
30083,56038,34.3,37052,17760,16228,2016,30083_2016
30083,57851,34.3,37871,18493,16439,2017,30083_2017
30083,58323,33.7,40489,19142,15246,2018,30083_2018
30083,57137,33.3,42570,20354,12928,2019,30083_2019
30084,35524,37.4,52167,27583,6638,2013,30084_2013
30084,36214,37.1,54486,27365,6836,2014,30084_2014
30084,35896,38,53445,27679,7105,2015,30084_2015
30084,36829,39.5,58759,29620,5544,2016,30084_2016
30084,37332,40.5,61938,31303,5457,2017,30084_2017
30084,38484,40.7,66523,32578,4877,2018,30084_2018
30084,38374,40.4,68938,33401,4732,2019,30084_2019
30087,35077,42.6,68063,30811,4806,2013,30087_2013
30087,35911,42.6,67420,31004,4766,2014,30087_2014
30087,36403,42.5,66620,30829,5305,2015,30087_2015
30087,37628,41.6,67672,32095,5026,2016,30087_2016
30087,38496,42.5,71833,34431,4505,2017,30087_2017
30087,40003,41,72805,35192,4438,2018,30087_2018
30087,39586,40.9,76376,37004,4042,2019,30087_2019
30088,27003,35.8,46108,20882,3573,2013,30088_2013
30088,27150,35.9,46606,20441,3965,2014,30088_2014
30088,27167,34.8,45749,19957,4277,2015,30088_2015
30088,28465,34.4,47962,20176,4618,2016,30088_2016
30088,28857,37.2,48283,21006,4857,2017,30088_2017
30088,29984,35.1,50171,21047,6186,2018,30088_2018
30088,30132,35.5,49129,21778,6345,2019,30088_2019
30092,31992,34.4,58791,35396,3924,2013,30092_2013
30092,33080,34.5,61683,35526,3690,2014,30092_2014
30092,33357,35.3,64005,35983,3813,2015,30092_2015
30092,34427,35.4,63512,36783,3486,2016,30092_2016
30092,35572,35.9,63446,38371,3233,2017,30092_2017
30092,35419,36.2,62114,39675,3670,2018,30092_2018
30092,36034,36,64349,41436,3319,2019,30092_2019
30093,56213,29.2,35037,14832,17260,2013,30093_2013
30093,55116,29.4,34822,15605,15609,2014,30093_2014
30093,56052,29.2,33950,15015,16259,2015,30093_2015
30093,55244,29.2,35811,15912,14971,2016,30093_2016
30093,55826,29,37862,16525,14132,2017,30093_2017
30093,55107,28.7,41043,17659,12863,2018,30093_2018
30093,56290,28.6,44986,18389,11818,2019,30093_2019
30094,31024,40.3,57033,26465,3040,2013,30094_2013
30094,31714,40.7,59841,26583,3801,2014,30094_2014
30094,32416,41.2,59485,26235,3539,2015,30094_2015
30094,33029,41.1,60934,26367,3751,2016,30094_2016
30094,33605,40.8,65269,27057,3830,2017,30094_2017
30094,34928,41,67870,28386,4278,2018,30094_2018
30094,33579,41.5,73547,29982,3034,2019,30094_2019
30096,67110,32.2,49883,25227,10866,2013,30096_2013
30096,69371,32.1,49441,24491,11701,2014,30096_2014
30096,69237,33.4,50167,24958,11052,2015,30096_2015
30096,69675,34,52252,25640,10043,2016,30096_2016
30096,68241,34.7,50771,26821,10067,2017,30096_2017
30096,67959,35.1,53514,28011,8901,2018,30096_2018
30096,68691,35.8,57801,29620,8827,2019,30096_2019
30097,41467,38,97612,44968,2908,2013,30097_2013
30097,43378,38.7,98663,43963,3140,2014,30097_2014
30097,44256,40,96390,43557,2973,2015,30097_2015
30097,46663,40.3,96863,44905,3086,2016,30097_2016
30097,46546,40.5,99904,47411,3517,2017,30097_2017
30097,46905,41.7,101119,50464,3524,2018,30097_2018
30097,46609,42.1,113314,54972,2979,2019,30097_2019
30101,55141,36.8,75421,31013,5326,2013,30101_2013
30101,54903,37,74094,31189,5557,2014,30101_2014
30101,57205,36.1,76105,30946,5028,2015,30101_2015
30101,57244,37.2,81097,33227,3949,2016,30101_2016
30101,58333,37.3,83534,34540,3922,2017,30101_2017
30101,58041,38.2,88809,36860,4016,2018,30101_2018
30101,59515,38,91786,38018,4169,2019,30101_2019
30102,35198,36.3,62523,28076,4224,2013,30102_2013
30102,36969,36.5,60625,27357,4551,2014,30102_2014
30102,37455,37.4,60664,27360,4416,2015,30102_2015
30102,38841,37,60699,26326,4799,2016,30102_2016
30102,40556,36.5,62051,27447,6178,2017,30102_2017
30102,41642,36.2,64585,28829,4921,2018,30102_2018
30102,42278,35.8,67042,29443,4984,2019,30102_2019
30103,16596,35.2,44600,18695,3117,2013,30103_2013
30103,16174,35.4,46909,19747,2789,2014,30103_2014
30103,16358,36.5,47106,19809,2752,2015,30103_2015
30103,16186,37.4,43661,20925,2270,2016,30103_2016
30103,15830,37.9,43093,21813,1964,2017,30103_2017
30103,16138,38.8,47534,23485,1757,2018,30103_2018
30103,15787,39.8,48509,22582,2155,2019,30103_2019
30106,18316,38.7,45850,24017,3327,2013,30106_2013
30106,19049,38,44120,24120,3827,2014,30106_2014
30106,19619,38.6,45857,24229,3789,2015,30106_2015
30106,19952,38.2,44817,24687,3356,2016,30106_2016
30106,22375,37.5,47659,23720,3998,2017,30106_2017
30106,21742,36.7,52294,25871,3191,2018,30106_2018
30106,21718,37.1,55924,26706,2665,2019,30106_2019
30107,12522,40.6,63362,27977,1052,2013,30107_2013
30107,13529,40.7,65475,26976,1261,2014,30107_2014
30107,13872,40,62456,25649,1651,2015,30107_2015
30107,14710,40.2,66709,26340,1150,2016,30107_2016
30107,14536,41.2,72695,29015,859,2017,30107_2017
30107,14606,40.7,74200,31054,1108,2018,30107_2018
30107,13517,41.3,76621,33195,1081,2019,30107_2019
30108,7644,38.6,37335,19726,1772,2013,30108_2013
30108,7513,42.8,39832,22135,1459,2014,30108_2014
30108,7508,44.6,38826,22439,1603,2015,30108_2015
30108,7360,43.4,39750,23257,1453,2016,30108_2016
30108,7665,43.5,38676,21756,1202,2017,30108_2017
30108,7351,46.7,39464,21698,1191,2018,30108_2018
30108,7755,45,43271,22425,1232,2019,30108_2019
30114,50138,37.4,59879,28031,6712,2013,30114_2013
30114,51821,37.2,60743,29302,7075,2014,30114_2014
30114,51915,37.9,61322,29463,7494,2015,30114_2015
30114,52268,37.3,63199,30859,7099,2016,30114_2016
30114,53695,37.3,66756,31747,7189,2017,30114_2017
30114,53210,37.6,72730,33632,6406,2018,30114_2018
30114,54709,37.7,75417,33773,5965,2019,30114_2019
30115,38093,35.8,73032,29158,4329,2013,30115_2013
30115,37262,36.6,70383,28950,4347,2014,30115_2014
30115,37964,36.8,74713,30542,4203,2015,30115_2015
30115,38817,37.7,79546,32027,3947,2016,30115_2016
30115,38950,38.6,82759,34257,1997,2017,30115_2017
30115,41105,38.1,90519,36130,2176,2018,30115_2018
30115,42934,38,101626,38296,1613,2019,30115_2019
30116,22793,34.7,50983,22504,3563,2013,30116_2013
30116,22868,35.8,49203,23046,3448,2014,30116_2014
30116,23090,35.8,47137,22691,3639,2015,30116_2015
30116,23536,36.2,48290,23717,3750,2016,30116_2016
30116,23588,37.7,49179,24911,3007,2017,30116_2017
30116,24161,38.2,54823,26755,2936,2018,30116_2018
30116,25169,36,57816,27060,2946,2019,30116_2019
30117,34266,31.9,36075,19839,9396,2013,30117_2013
30117,34279,31.4,35593,19827,9821,2014,30117_2014
30117,35169,30.9,35592,20292,9722,2015,30117_2015
30117,36008,30.9,39373,20728,8474,2016,30117_2016
30117,36298,31.4,40228,22203,8432,2017,30117_2017
30117,35575,31.2,43871,23902,8952,2018,30117_2018
30117,35620,31,45969,23773,9230,2019,30117_2019
30120,37250,35.9,44141,20678,7276,2013,30120_2013
30120,37480,36.4,45619,21961,7108,2014,30120_2014
30120,39361,37.3,47432,23068,7347,2015,30120_2015
30120,39902,36.9,50691,23644,7373,2016,30120_2016
30120,40598,36,54257,25169,7419,2017,30120_2017
30120,41253,37,58240,26655,6921,2018,30120_2018
30120,40945,37.4,60133,27639,6686,2019,30120_2019
30121,21652,35.9,46344,21703,3394,2013,30121_2013
30121,22514,34.6,45007,21258,3022,2014,30121_2014
30121,22521,33.5,50153,23006,2473,2015,30121_2015
30121,23939,33.3,55126,23871,1994,2016,30121_2016
30121,23795,35.2,53614,25301,1864,2017,30121_2017
30121,23373,34.7,53658,25253,1761,2018,30121_2018
30121,24742,34.7,56232,26267,2819,2019,30121_2019
30122,23930,32.8,42308,20359,4209,2013,30122_2013
30122,22955,34.1,44843,21481,4132,2014,30122_2014
30122,23422,34.6,44928,21486,4879,2015,30122_2015
30122,26121,32.9,48186,23565,5698,2016,30122_2016
30122,26410,33.1,50905,23252,5156,2017,30122_2017
30122,25786,33.7,54360,25124,4145,2018,30122_2018
30122,26015,33.9,54888,25336,4335,2019,30122_2019
30126,40243,35.1,67955,33413,6138,2013,30126_2013
30126,40343,35.7,66525,33503,5997,2014,30126_2014
30126,39105,36.3,66417,33830,5323,2015,30126_2015
30126,39366,36.9,66596,34474,4647,2016,30126_2016
30126,39788,36.9,71208,37940,4093,2017,30126_2017
30126,41665,37.2,78028,39652,4038,2018,30126_2018
30126,43486,36.1,83934,38883,4007,2019,30126_2019
30127,60016,38,71164,28683,6260,2013,30127_2013
30127,60475,38.6,72406,30022,5561,2014,30127_2014
30127,61283,39.2,72531,30455,5380,2015,30127_2015
30127,62620,40,74885,31796,4455,2016,30127_2016
30127,65854,39.5,76150,32260,4800,2017,30127_2017
30127,67688,40.1,78060,32964,4878,2018,30127_2018
30127,70298,39.3,79993,33275,4662,2019,30127_2019
30132,33402,35.2,64878,23969,4077,2013,30132_2013
30132,35587,35.1,63988,24689,4211,2014,30132_2014
30132,36238,34.9,61870,25643,4628,2015,30132_2015
30132,37447,35.7,61353,26326,4293,2016,30132_2016
30132,38405,35.6,65043,27783,3257,2017,30132_2017
30132,40441,35.4,67641,28326,3863,2018,30132_2018
30132,42607,36.5,63431,27591,3975,2019,30132_2019
30134,43108,34,49386,21496,8103,2013,30134_2013
30134,44322,33.7,46357,21486,10087,2014,30134_2014
30134,44262,34.4,47756,21275,9202,2015,30134_2015
30134,42816,35.2,48433,21683,7995,2016,30134_2016
30134,43474,35.9,51295,22211,7430,2017,30134_2017
30134,44114,36.5,52875,23410,7117,2018,30134_2018
30134,43402,36.8,55040,23658,6089,2019,30134_2019
30135,61298,35.9,60035,25697,8245,2013,30135_2013
30135,62045,36.1,61799,25337,7467,2014,30135_2014
30135,62587,36.3,60596,24808,8059,2015,30135_2015
30135,63790,36.7,66534,26287,6607,2016,30135_2016
30135,65106,37.5,70020,27771,6756,2017,30135_2017
30135,66134,37.4,72968,28736,6613,2018,30135_2018
30135,67710,37.7,76057,30220,7218,2019,30135_2019
30137,1838,42.5,61667,24923,169,2013,30137_2013
30137,1577,44.9,56750,26027,147,2014,30137_2014
30137,1470,41.2,47105,23961,154,2015,30137_2015
30137,1652,40.6,49837,25671,141,2016,30137_2016
30137,1835,37.4,47411,22851,319,2017,30137_2017
30137,1807,35.8,51806,23837,329,2018,30137_2018
30137,1914,35.6,54375,26524,291,2019,30137_2019
30141,21935,35.6,56990,24210,2319,2013,30141_2013
30141,21531,37,55819,24514,2534,2014,30141_2014
30141,21335,37.5,51300,23537,2398,2015,30141_2015
30141,22249,37.8,54332,24849,2276,2016,30141_2016
30141,23259,38.6,60361,27180,2371,2017,30141_2017
30141,23326,38.8,61329,28121,2296,2018,30141_2018
30141,23733,38.7,66217,28840,1769,2019,30141_2019
30143,21086,45.4,53792,29612,2067,2013,30143_2013
30143,20448,47,52720,29847,2017,2014,30143_2014
30143,21108,46.9,57376,30795,1751,2015,30143_2015
30143,21695,47.5,59962,31689,1850,2016,30143_2016
30143,22397,47.4,64679,31998,2002,2017,30143_2017
30143,21487,48.3,68162,33069,1930,2018,30143_2018
30143,23206,47.9,70828,33834,2104,2019,30143_2019
30144,51872,32.1,59758,27364,5595,2013,30144_2013
30144,52871,30.9,58492,27002,6178,2014,30144_2014
30144,53996,31.5,58995,26881,5645,2015,30144_2015
30144,54078,30.6,62411,28556,5449,2016,30144_2016
30144,55573,29.8,64754,29978,5843,2017,30144_2017
30144,55820,29.9,68581,31676,5602,2018,30144_2018
30144,56781,30.8,70574,33146,5423,2019,30144_2019
30145,8713,37.3,59931,21026,1167,2013,30145_2013
30145,8573,40.2,61335,23681,963,2014,30145_2014
30145,7812,40.8,62208,25489,880,2015,30145_2015
30145,7180,43.4,61474,25905,739,2016,30145_2016
30145,7223,45,64332,27960,597,2017,30145_2017
30145,7142,45.1,65030,26285,641,2018,30145_2018
30145,7655,45,65522,26495,636,2019,30145_2019
30148,413,48.4,40227,24203,71,2013,30148_2013
30148,435,43.4,41467,26352,47,2014,30148_2014
30148,558,37,39095,20296,148,2016,30148_2016
30148,579,38.4,41496,23933,112,2017,30148_2017
30148,861,36.1,42402,20063,109,2018,30148_2018
30148,762,37.6,44886,13991,87,2019,30148_2019
30152,41689,36.7,74559,35046,3087,2013,30152_2013
30152,43044,36.4,75257,33702,4263,2014,30152_2014
30152,42814,36.6,79422,35051,3341,2015,30152_2015
30152,43842,36.1,78985,35530,3381,2016,30152_2016
30152,43653,36.5,82674,37929,3591,2017,30152_2017
30152,43310,37.4,89729,38715,3220,2018,30152_2018
30152,43030,37.5,92805,42047,2100,2019,30152_2019
30157,46413,33.1,59301,22820,5334,2013,30157_2013
30157,47978,34.2,60152,23589,6552,2014,30157_2014
30157,48513,34.5,59904,23765,6247,2015,30157_2015
30157,48147,34.2,59856,23767,5476,2016,30157_2016
30157,48747,34.8,61444,24151,4894,2017,30157_2017
30157,49342,34.5,63119,26369,4321,2018,30157_2018
30157,48978,33.8,67096,27214,3303,2019,30157_2019
30168,25777,30.2,36172,16531,7270,2013,30168_2013
30168,26365,31.1,36789,17078,7804,2014,30168_2014
30168,27538,31.3,37899,16854,8106,2015,30168_2015
30168,26494,32.4,37835,17422,7386,2016,30168_2016
30168,26307,32.9,41299,18712,5804,2017,30168_2017
30168,26301,32.3,44911,20332,5135,2018,30168_2018
30168,25803,32,47788,21717,4222,2019,30168_2019
30170,3501,38.1,57759,22920,580,2013,30170_2013
30170,3485,37.8,55938,22708,529,2014,30170_2014
30170,3324,37.3,47484,21610,456,2015,30170_2015
30170,2830,38,56029,25078,280,2016,30170_2016
30170,2766,40.4,49489,24689,336,2017,30170_2017
30170,2943,39,50385,24651,367,2018,30170_2018
30170,2904,43.1,57197,27541,398,2019,30170_2019
30171,3601,37.5,59859,21991,467,2013,30171_2013
30171,3729,37.4,63849,22695,599,2014,30171_2014
30171,3170,42.6,63216,24750,274,2015,30171_2015
30171,3448,43.3,59900,23805,379,2016,30171_2016
30171,3359,42.2,61151,26319,281,2017,30171_2017
30171,3467,43.9,66179,30103,250,2018,30171_2018
30171,3282,44,68713,29864,241,2019,30171_2019
30175,6221,37.5,43474,21421,1172,2013,30175_2013
30175,6873,36.9,45335,21838,1214,2014,30175_2014
30175,6614,40.6,42544,21862,1355,2015,30175_2015
30175,5943,42.5,43487,22255,918,2016,30175_2016
30175,5485,42.8,44534,23001,791,2017,30175_2017
30175,5544,42.7,52007,26146,733,2018,30175_2018
30175,5409,42.4,58892,27324,819,2019,30175_2019
30177,1369,35.9,33866,15101,143,2013,30177_2013
30177,1142,38.9,34970,20089,144,2014,30177_2014
30177,1198,38.2,53750,28076,146,2015,30177_2015
30177,1143,35.6,68024,31951,157,2016,30177_2016
30177,936,38.4,57409,33119,112,2017,30177_2017
30177,1427,40,55456,29874,110,2018,30177_2018
30177,1273,37.6,55278,30259,83,2019,30177_2019
30178,3355,39.9,67444,29161,136,2013,30178_2013
30178,3226,40.3,70595,31192,153,2014,30178_2014
30178,3307,35.8,55455,27908,224,2015,30178_2015
30178,2672,40,45625,28300,237,2016,30178_2016
30178,2789,39.9,44146,25965,231,2017,30178_2017
30178,2971,39.3,50750,26642,253,2018,30178_2018
30178,3005,40.5,53306,25977,343,2019,30178_2019
30179,16505,36.7,47961,20007,2413,2013,30179_2013
30179,17125,37,47773,20382,2291,2014,30179_2014
30179,17899,38.4,46638,19927,2753,2015,30179_2015
30179,16922,39,46290,20919,2879,2016,30179_2016
30179,17495,37,50680,23192,3243,2017,30179_2017
30179,19109,37.3,57803,24975,3028,2018,30179_2018
30179,18176,37,64347,26032,2637,2019,30179_2019
30180,34137,35.4,60428,26193,3711,2013,30180_2013
30180,34868,35.3,57444,25263,4815,2014,30180_2014
30180,34754,36.1,56187,25229,5163,2015,30180_2015
30180,36277,36.9,55943,25885,5343,2016,30180_2016
30180,36823,35.4,58454,26897,5612,2017,30180_2017
30180,37325,34.7,61702,27295,5131,2018,30180_2018
30180,36888,36.3,69485,29248,3470,2019,30180_2019
30183,5298,40.3,59091,25167,401,2013,30183_2013
30183,5137,40.2,54519,26344,754,2014,30183_2014
30183,5129,41.8,60772,26227,663,2015,30183_2015
30183,5338,39.4,60083,26323,718,2016,30183_2016
30183,5583,42.7,63601,24765,905,2017,30183_2017
30183,6279,41.8,76800,31237,749,2018,30183_2018
30183,6365,43.6,86250,33592,338,2019,30183_2019
30184,7233,38.5,57234,24946,788,2013,30184_2013
30184,7465,40.4,63681,25987,659,2014,30184_2014
30184,7180,42.8,55394,26732,599,2015,30184_2015
30184,7017,44.8,64537,28503,730,2016,30184_2016
30184,6663,44.9,69773,30347,505,2017,30184_2017
30184,6612,46,63750,29609,654,2018,30184_2018
30184,6504,48.6,67066,31997,604,2019,30184_2019
30185,4084,37.5,50986,21415,391,2013,30185_2013
30185,3792,37.6,53396,22984,414,2014,30185_2014
30185,3859,38,51515,22698,515,2015,30185_2015
30185,4294,39,55074,23016,552,2016,30185_2016
30185,4226,40.1,54767,23833,717,2017,30185_2017
30185,4160,42.3,53491,22856,739,2018,30185_2018
30185,4494,42.4,54327,22565,925,2019,30185_2019
30187,8806,42.3,64328,27458,836,2013,30187_2013
30187,9039,41,67826,27681,758,2014,30187_2014
30187,8880,42.2,73377,29568,496,2015,30187_2015
30187,7665,43,73648,30437,373,2016,30187_2016
30187,8174,40.1,73779,28592,800,2017,30187_2017
30187,7918,43.2,73399,31510,757,2018,30187_2018
30187,7798,44.5,73630,34155,753,2019,30187_2019
30188,54177,35.6,69186,30092,4307,2013,30188_2013
30188,54784,35.7,68727,30668,4587,2014,30188_2014
30188,57035,36.5,70686,31167,5193,2015,30188_2015
30188,59061,37.2,72832,32824,4614,2016,30188_2016
30188,61885,37.8,75205,34896,4898,2017,30188_2017
30188,63171,38.8,77454,36677,4155,2018,30188_2018
30188,64836,39.4,81282,38355,4458,2019,30188_2019
30189,36506,38.2,76464,33420,2480,2013,30189_2013
30189,36573,37.7,77930,34499,2722,2014,30189_2014
30189,37259,37.1,78080,34203,3187,2015,30189_2015
30189,36941,38.4,82727,36120,2780,2016,30189_2016
30189,37078,39,84666,37622,2588,2017,30189_2017
30189,38550,38.7,87366,38647,2121,2018,30189_2018
30189,38809,40.1,88439,39855,2021,2019,30189_2019
30205,2875,46.2,76016,34729,274,2013,30205_2013
30205,3172,45.3,79514,36243,249,2014,30205_2014
30205,3184,45.9,81595,36469,213,2015,30205_2015
30205,2982,45.8,81250,35754,178,2016,30205_2016
30205,3041,46.4,90536,39530,121,2017,30205_2017
30205,2864,48.1,87664,40126,132,2018,30205_2018
30205,2862,50.8,89702,44756,139,2019,30205_2019
30213,28726,32.7,53956,23135,4388,2013,30213_2013
30213,29804,33.4,51602,22602,4261,2014,30213_2014
30213,30318,34.6,45566,22016,3773,2015,30213_2015
30213,30646,34.8,46271,22548,3336,2016,30213_2016
30213,31239,34.5,50863,23017,2914,2017,30213_2017
30213,32729,33.2,52539,23008,3816,2018,30213_2018
30213,33926,33.1,58016,25111,4283,2019,30213_2019
30214,29291,44.1,64712,29929,3745,2013,30214_2013
30214,29633,44.6,64070,30447,3601,2014,30214_2014
30214,29637,44.7,62909,30926,4212,2015,30214_2015
30214,29403,45.2,64888,31985,3497,2016,30214_2016
30214,28774,45.8,70732,34341,2927,2017,30214_2017
30214,29617,45.3,72770,35111,2375,2018,30214_2018
30214,29577,44.3,73350,36343,2218,2019,30214_2019
30215,32317,42.4,87289,36264,1367,2013,30215_2013
30215,32963,43.2,89095,37892,1268,2014,30215_2014
30215,33614,43.8,87887,38404,1380,2015,30215_2015
30215,34718,43.5,89731,39670,1278,2016,30215_2016
30215,36354,41.8,92507,39331,1213,2017,30215_2017
30215,36441,42.3,92806,41679,1247,2018,30215_2018
30215,36879,41.2,95339,41871,1320,2019,30215_2019
30220,5036,32.9,48958,22400,1085,2013,30220_2013
30220,5077,33.4,46404,20486,1067,2014,30220_2014
30220,4909,34.1,48438,21489,745,2015,30220_2015
30220,4887,34.1,48373,22433,597,2016,30220_2016
30220,5266,34.3,48734,20496,684,2017,30220_2017
30220,5375,35.4,52243,22280,452,2018,30220_2018
30220,5642,34.1,64268,24743,471,2019,30220_2019
30223,35169,38.5,36401,18256,8674,2013,30223_2013
30223,36103,38.7,34480,17979,9303,2014,30223_2014
30223,36116,39.7,35228,18296,8912,2015,30223_2015
30223,37445,38.4,35720,18106,9649,2016,30223_2016
30223,36737,39.8,39852,19655,8741,2017,30223_2017
30223,36986,39.8,39341,20337,8831,2018,30223_2018
30223,36501,40,43659,22373,7776,2019,30223_2019
30224,25651,38.1,46894,22280,4243,2013,30224_2013
30224,24420,38.6,45773,23145,4421,2014,30224_2014
30224,24603,37.5,44332,22339,4948,2015,30224_2015
30224,23683,38.6,45019,23672,4469,2016,30224_2016
30224,24140,38.6,46299,26582,4049,2017,30224_2017
30224,25142,38.9,46863,26695,4174,2018,30224_2018
30224,26453,39.1,55741,28948,2937,2019,30224_2019
30228,36771,33.5,54757,21314,6864,2013,30228_2013
30228,38220,33.3,54875,21056,7151,2014,30228_2014
30228,40559,33.1,55832,20751,7783,2015,30228_2015
30228,40005,33.9,57146,21728,7116,2016,30228_2016
30228,40782,33.5,59661,22888,6559,2017,30228_2017
30228,42259,33.6,63243,24054,5916,2018,30228_2018
30228,44031,36,67736,25437,5647,2019,30228_2019
30236,44082,33.9,40107,21374,9823,2013,30236_2013
30236,45482,34.2,41368,20748,10360,2014,30236_2014
30236,46720,33.9,42204,20487,11430,2015,30236_2015
30236,47023,33.4,46702,20961,11383,2016,30236_2016
30236,47188,33.3,47014,21529,10705,2017,30236_2017
30236,49694,33,50906,22769,9560,2018,30236_2018
30236,51199,33,53948,24461,8708,2019,30236_2019
30238,36899,31.1,43569,16682,9791,2013,30238_2013
30238,36055,31.6,43344,17119,10235,2014,30238_2014
30238,37257,31.2,43604,17019,10715,2015,30238_2015
30238,38327,31.3,43168,17249,11365,2016,30238_2016
30238,38173,32.4,47161,18922,9808,2017,30238_2017
30238,39110,31.9,48880,20018,9082,2018,30238_2018
30238,39084,32,52390,20438,8053,2019,30238_2019
30248,22772,35.8,68759,27140,1647,2013,30248_2013
30248,22702,34.6,67042,26115,2084,2014,30248_2014
30248,23330,33.8,67650,25196,1971,2015,30248_2015
30248,24289,34,66838,25222,2429,2016,30248_2016
30248,24744,33.3,65076,25375,2968,2017,30248_2017
30248,25161,34.9,68030,26214,2330,2018,30248_2018
30248,26317,35.7,74110,29204,1854,2019,30248_2019
30252,43451,36.3,71962,26821,2598,2013,30252_2013
30252,42631,38.1,71716,26921,3359,2014,30252_2014
30252,41595,37.9,70307,27108,3508,2015,30252_2015
30252,43256,37.2,72519,27725,3209,2016,30252_2016
30252,44728,37.5,77020,29468,2789,2017,30252_2017
30252,46286,37.8,83727,31616,2309,2018,30252_2018
30252,48203,36.7,86474,33081,1592,2019,30252_2019
30253,52256,34,57913,25320,6968,2013,30253_2013
30253,55082,33.6,57386,24928,7727,2014,30253_2014
30253,53974,34.6,56358,25225,6962,2015,30253_2015
30253,52663,35.1,60115,26858,5817,2016,30253_2016
30253,53647,35,61306,27896,6213,2017,30253_2017
30253,55176,35.6,65675,28894,6481,2018,30253_2018
30253,53958,36.4,69537,31021,5386,2019,30253_2019
30259,3128,43.7,49722,23047,336,2013,30259_2013
30259,2961,45,54048,26109,258,2014,30259_2014
30259,2764,45.9,54886,27459,180,2015,30259_2015
30259,2775,45.5,56875,27788,248,2016,30259_2016
30259,2653,47.7,57500,28072,256,2017,30259_2017
30259,2886,46.3,67150,35990,247,2018,30259_2018
30259,3219,44.8,72171,35755,195,2019,30259_2019
30260,26660,33.8,42204,17479,4609,2013,30260_2013
30260,26417,34.2,41632,17923,4701,2014,30260_2014
30260,26884,34,40478,16958,5297,2015,30260_2015
30260,26934,34,42474,17207,4918,2016,30260_2016
30260,26395,33.5,45760,17790,4350,2017,30260_2017
30260,25487,32.4,46834,18474,3897,2018,30260_2018
30260,25368,32.4,49252,19014,3531,2019,30260_2019
30263,52604,36.8,47331,23666,9665,2013,30263_2013
30263,53458,36.6,48860,24183,10234,2014,30263_2014
30263,55013,36.2,48060,24177,11228,2015,30263_2015
30263,55931,36.3,49336,25623,10285,2016,30263_2016
30263,57226,36.2,51290,28391,9628,2017,30263_2017
30263,58705,36.9,55699,28759,9777,2018,30263_2018
30263,59799,36.4,59772,29996,9378,2019,30263_2019
30265,32344,36.7,73826,30341,2618,2013,30265_2013
30265,33695,37.3,73449,31782,2768,2014,30265_2014
30265,33553,38.5,75541,33009,2494,2015,30265_2015
30265,34025,39,78771,34879,2157,2016,30265_2016
30265,34766,38.3,81532,36380,2732,2017,30265_2017
30265,34690,39.7,83485,38309,1925,2018,30265_2018
30265,35096,39.6,88878,38817,2333,2019,30265_2019
30268,9736,32.7,47421,22939,1216,2013,30268_2013
30268,9820,34.6,50190,22674,1637,2014,30268_2014
30268,9682,35.1,50162,21930,1845,2015,30268_2015
30268,9942,35.9,50589,21088,1807,2016,30268_2016
30268,10425,37.9,50396,22268,1795,2017,30268_2017
30268,10434,38,51902,22005,2299,2018,30268_2018
30268,10298,40.4,51865,25337,1757,2019,30268_2019
30269,34879,42.2,87159,38600,2272,2013,30269_2013
30269,35018,42.3,85836,38792,2700,2014,30269_2014
30269,35220,41.7,85064,38714,2622,2015,30269_2015
30269,35499,42.3,89454,42993,2192,2016,30269_2016
30269,35760,42.6,92989,44733,2155,2017,30269_2017
30269,35904,43.2,95837,48317,2034,2018,30269_2018
30269,36489,43.4,99665,51255,2301,2019,30269_2019
30273,13866,35,42620,18884,3463,2013,30273_2013
30273,14029,35.4,46196,19627,3380,2014,30273_2014
30273,13843,37.2,48044,19930,3164,2015,30273_2015
30273,14325,38.5,53782,22878,2537,2016,30273_2016
30273,14730,36.9,56865,22478,2157,2017,30273_2017
30273,14663,37.8,58690,23561,1776,2018,30273_2018
30273,15015,35.7,59313,23540,1424,2019,30273_2019
30274,34607,32.3,37920,17135,8328,2013,30274_2013
30274,34554,31.6,37634,17107,8981,2014,30274_2014
30274,33709,32.3,37853,17375,8881,2015,30274_2015
30274,34553,31.8,38504,17302,9039,2016,30274_2016
30274,35558,31.7,40681,18022,7909,2017,30274_2017
30274,35347,32.1,41676,18605,7448,2018,30274_2018
30274,35861,33.4,42633,19083,7816,2019,30274_2019
30276,14538,34,64867,27089,1462,2013,30276_2013
30276,14844,35.1,66062,27670,1645,2014,30276_2014
30276,14283,36.8,74016,30142,1297,2015,30276_2015
30276,14922,37.4,72285,32968,1254,2016,30276_2016
30276,14763,37.9,76885,33943,1038,2017,30276_2017
30276,15245,38.1,78604,35026,1070,2018,30276_2018
30276,16028,38.5,83969,35442,1077,2019,30276_2019
30277,21169,41.2,75578,32468,1096,2013,30277_2013
30277,21079,41.9,74878,32457,1080,2014,30277_2014
30277,22098,41.6,76285,32972,1292,2015,30277_2015
30277,22296,41.1,79508,34354,1411,2016,30277_2016
30277,22262,41,83807,35097,1204,2017,30277_2017
30277,22247,40.9,83424,35600,1406,2018,30277_2018
30277,23058,42.5,94143,38471,1422,2019,30277_2019
30281,65931,35.6,53818,23543,8386,2013,30281_2013
30281,66378,36.1,52666,23524,9892,2014,30281_2014
30281,68434,36.4,52213,22942,11173,2015,30281_2015
30281,69716,36,53735,23503,11303,2016,30281_2016
30281,69320,36.7,54913,24794,10388,2017,30281_2017
30281,67533,36.3,58003,26277,9648,2018,30281_2018
30281,68456,35.7,60035,27403,8029,2019,30281_2019
30284,55,51.2,74167,30278,1,2013,30284_2013
30284,42,51.6,67292,34157,1,2014,30284_2014
30284,48,47.5,52188,22906,4,2015,30284_2015
30284,75,36.6,54844,17493,2,2016,30284_2016
30284,90,36.3,56563,18247,2,2017,30284_2017
30288,10620,30.9,49693,19098,1997,2013,30288_2013
30288,9606,32.5,48347,18645,1836,2014,30288_2014
30288,9100,33.3,49479,19208,1925,2015,30288_2015
30288,9261,37.6,52368,20258,1291,2016,30288_2016
30288,9467,38.7,51639,20948,1085,2017,30288_2017
30288,9230,41.4,54365,22448,1132,2018,30288_2018
30288,8749,42,54002,22476,1151,2019,30288_2019
30289,52,57.5,55313,23450,0,2013,30289_2013
30289,68,61.5,26500,20141,5,2014,30289_2014
30289,63,63.5,25625,16537,5,2015,30289_2015
30289,59,63.6,25000,16507,5,2016,30289_2016
30289,38,67,22250,21897,4,2017,30289_2017
30289,276,35.2,153452,36223,10,2018,30289_2018
30289,52,27.3,78000,26412,11,2019,30289_2019
30290,8400,40.8,86627,36658,628,2013,30290_2013
30290,8515,40.6,85383,35136,976,2014,30290_2014
30290,8769,43,87755,36702,859,2015,30290_2015
30290,8734,40.1,89672,36367,795,2016,30290_2016
30290,8801,41.1,87500,38249,804,2017,30290_2017
30290,8677,40,94769,39682,606,2018,30290_2018
30290,8798,43.7,106307,43505,377,2019,30290_2019
30291,21147,31.4,36355,18192,5549,2013,30291_2013
30291,21563,30.6,35052,16760,5803,2014,30291_2014
30291,21951,30.4,36022,16992,6040,2015,30291_2015
30291,22099,31,35945,17792,4797,2016,30291_2016
30291,21121,32,36147,17689,4947,2017,30291_2017
30291,21399,32.2,37357,19080,4125,2018,30291_2018
30291,21639,31.6,43337,20557,3499,2019,30291_2019
30294,38015,35.2,56577,23748,4540,2013,30294_2013
30294,38575,36.1,57944,24756,4743,2014,30294_2014
30294,41026,36.1,59539,24716,4691,2015,30294_2015
30294,40317,36.2,61879,25612,4804,2016,30294_2016
30294,40932,36.5,63411,26503,4093,2017,30294_2017
30294,41782,36.9,65446,27837,3351,2018,30294_2018
30294,42484,38,64044,26972,4333,2019,30294_2019
30296,26587,34.2,50810,19877,4645,2013,30296_2013
30296,26830,35.3,50371,20281,4736,2014,30296_2014
30296,27029,34.7,49637,20600,4981,2015,30296_2015
30296,28258,35.1,51999,21181,5043,2016,30296_2016
30296,28467,35.1,52598,21511,4646,2017,30296_2017
30296,28671,35.5,54273,22412,5011,2018,30296_2018
30296,28169,35.1,57676,23944,4212,2019,30296_2019
30297,27678,29.9,30598,12244,9693,2013,30297_2013
30297,27838,29.4,30750,12497,9503,2014,30297_2014
30297,27518,29.3,31465,12652,9198,2015,30297_2015
30297,27580,30.2,31211,13354,9126,2016,30297_2016
30297,28105,30.5,33565,14903,8484,2017,30297_2017
30297,28077,30,34295,15362,7650,2018,30297_2018
30297,28966,30.4,36480,15459,7251,2019,30297_2019
30303,5001,22.8,19000,12180,1284,2013,30303_2013
30303,5582,21.9,19224,10963,1296,2014,30303_2014
30303,6279,21.7,23953,9820,1480,2015,30303_2015
30303,6577,21.7,19883,10180,1588,2016,30303_2016
30303,6714,21.9,22383,10653,1636,2017,30303_2017
30303,6719,21.8,22663,11599,1653,2018,30303_2018
30303,6628,21.8,20909,11236,1703,2019,30303_2019
30305,21262,37.7,85993,74976,1823,2013,30305_2013
30305,21574,37.9,90095,75422,1412,2014,30305_2014
30305,22318,37.5,89489,77747,1091,2015,30305_2015
30305,23064,37.5,87516,81635,1504,2016,30305_2016
30305,23842,37.1,98506,87185,1535,2017,30305_2017
30305,23693,37.5,101718,94499,2028,2018,30305_2018
30305,24551,38.5,99556,99442,2305,2019,30305_2019
30306,21262,37.6,82566,67959,1541,2013,30306_2013
30306,22195,37.5,83903,66501,1821,2014,30306_2014
30306,22329,37.6,88201,70167,1747,2015,30306_2015
30306,22347,37.3,90276,71857,1963,2016,30306_2016
30306,23299,35.7,100380,75003,2131,2017,30306_2017
30306,24112,35,104934,81647,2114,2018,30306_2018
30306,23973,35.2,108973,85547,1965,2019,30306_2019
30307,17684,35.2,76591,57430,1722,2013,30307_2013
30307,18052,34.8,79563,58923,1790,2014,30307_2014
30307,18574,34.8,78960,58931,2220,2015,30307_2015
30307,19244,35.9,80428,60241,2261,2016,30307_2016
30307,19781,36,87009,65226,2167,2017,30307_2017
30307,19652,36.8,98986,68813,2045,2018,30307_2018
30307,20036,37.4,105912,71222,1969,2019,30307_2019
30308,16434,30.2,51584,42155,3503,2013,30308_2013
30308,17238,30.7,52424,42132,3678,2014,30308_2014
30308,17097,33,57888,47244,3646,2015,30308_2015
30308,17036,33.3,56734,50112,3475,2016,30308_2016
30308,17559,33.1,59945,53887,3327,2017,30308_2017
30308,18099,33,60370,55216,3258,2018,30308_2018
30308,18839,32.6,69795,58866,3106,2019,30308_2019
30309,21074,35,71854,66311,2169,2013,30309_2013
30309,21444,35.2,71174,64904,2398,2014,30309_2014
30309,21928,34.5,74932,69181,2500,2015,30309_2015
30309,23029,34.6,78301,72597,2199,2016,30309_2016
30309,23458,34.4,82514,73481,2097,2017,30309_2017
30309,24744,34.8,88691,85424,2154,2018,30309_2018
30309,26526,34.3,92105,87854,2289,2019,30309_2019
30310,27775,36.6,22861,14667,10632,2013,30310_2013
30310,28660,37.7,24664,14564,10302,2014,30310_2014
30310,29152,36.7,25886,15282,10279,2015,30310_2015
30310,30314,35,25953,15225,10433,2016,30310_2016
30310,30547,35.1,28333,18291,9687,2017,30310_2017
30310,29658,35,31490,21556,8437,2018,30310_2018
30310,28664,34.9,34398,22635,7231,2019,30310_2019
30311,36074,36.4,27651,17213,12957,2013,30311_2013
30311,36381,36.2,26665,16848,13385,2014,30311_2014
30311,36001,35.5,25880,16595,13754,2015,30311_2015
30311,36789,36.4,26047,17214,13917,2016,30311_2016
30311,36308,37.5,27540,18141,12564,2017,30311_2017
30311,36839,37.6,29153,20623,12188,2018,30311_2018
30311,36389,38.6,31512,23366,11878,2019,30311_2019
30312,19644,32.7,39105,30162,5743,2013,30312_2013
30312,20264,33.2,39653,29499,6248,2014,30312_2014
30312,22078,33,42169,31016,6340,2015,30312_2015
30312,22464,33.9,43067,32615,6356,2016,30312_2016
30312,21731,34.1,48802,37341,5613,2017,30312_2017
30312,22275,33.9,52003,40164,5436,2018,30312_2018
30312,24782,33.1,57740,42424,6149,2019,30312_2019
30313,9489,21.2,39670,15706,1355,2013,30313_2013
30313,9590,21.5,39583,15189,1534,2014,30313_2014
30313,10893,21.3,39427,14574,1758,2015,30313_2015
30313,11031,21.2,42128,14174,1783,2016,30313_2016
30313,11379,21.2,50172,15675,1986,2017,30313_2017
30313,11529,21.1,54469,16308,2076,2018,30313_2018
30313,11415,21.1,60906,18871,1720,2019,30313_2019
30314,21045,27.5,23649,12934,5551,2013,30314_2013
30314,21226,27,22900,12683,6071,2014,30314_2014
30314,23468,27.7,25373,13398,6115,2015,30314_2015
30314,23450,26.2,25196,12981,6560,2016,30314_2016
30314,25142,25.7,25920,13178,6776,2017,30314_2017
30314,24446,25.5,26752,13397,6892,2018,30314_2018
30314,24974,25.6,28148,14262,6858,2019,30314_2019
30315,33248,34.2,20951,14821,13467,2013,30315_2013
30315,34159,34.1,21280,15093,13408,2014,30315_2014
30315,33461,34.4,21210,15428,13042,2015,30315_2015
30315,33710,34,23665,16250,12659,2016,30315_2016
30315,34973,33.6,27525,17345,11672,2017,30315_2017
30315,35511,33.4,28249,20685,11599,2018,30315_2018
30315,35143,33,29287,22214,12080,2019,30315_2019
30316,30700,36.4,44129,26437,6251,2013,30316_2013
30316,31438,35.7,46977,27090,6167,2014,30316_2014
30316,31648,36.1,49516,27830,6208,2015,30316_2015
30316,31654,35.3,55469,31759,5527,2016,30316_2016
30316,33286,35.5,62299,34685,4948,2017,30316_2017
30316,33172,35.4,66880,37479,5024,2018,30316_2018
30316,33670,35.5,72143,43505,4754,2019,30316_2019
30317,11787,36.6,50548,30618,2029,2013,30317_2013
30317,12320,35.8,53922,31861,1966,2014,30317_2014
30317,12649,36.8,55625,32401,2082,2015,30317_2015
30317,13078,36.5,60845,35448,1987,2016,30317_2016
30317,13936,36.2,65061,36996,2176,2017,30317_2017
30317,13737,36.4,69063,40246,1928,2018,30317_2018
30317,13820,35.6,83815,44330,1579,2019,30317_2019
30318,53622,29.7,39421,25451,16432,2013,30318_2013
30318,51791,29.8,40236,27027,14687,2014,30318_2014
30318,49728,31,39523,27937,13146,2015,30318_2015
30318,49277,31.3,43992,30031,10949,2016,30318_2016
30318,49788,31.7,44586,31902,9705,2017,30318_2017
30318,54152,31,47918,32644,11042,2018,30318_2018
30318,56109,30.6,52245,35213,11027,2019,30318_2019
30319,36947,36.5,87759,63624,3828,2013,30319_2013
30319,38121,37,84937,64080,4065,2014,30319_2014
30319,39007,37,86217,67702,3493,2015,30319_2015
30319,40151,36.5,89794,66643,3774,2016,30319_2016
30319,40602,36.9,95670,67240,3564,2017,30319_2017
30319,41839,37.1,100679,71316,3183,2018,30319_2018
30319,43011,36.8,104435,75567,2988,2019,30319_2019
30324,26900,33.4,63810,51006,3440,2013,30324_2013
30324,27282,33.6,60871,49283,4384,2014,30324_2014
30324,27587,34.2,61753,50292,4150,2015,30324_2015
30324,25971,34,63653,52973,3480,2016,30324_2016
30324,26521,33.7,66748,56151,3417,2017,30324_2017
30324,26818,33.5,70657,56434,3457,2018,30324_2018
30324,27806,33.3,74438,61288,3279,2019,30324_2019
30326,5118,34.1,81794,64121,666,2013,30326_2013
30326,5895,34.4,81498,58731,669,2014,30326_2014
30326,5429,35.7,81071,66886,677,2015,30326_2015
30326,5698,35.4,83805,72065,455,2016,30326_2016
30326,5652,36.4,82102,75481,501,2017,30326_2017
30326,6030,36.7,82225,80313,571,2018,30326_2018
30326,6529,36.8,87422,87189,789,2019,30326_2019
30327,22735,43.8,139543,95742,1362,2013,30327_2013
30327,23036,44.4,147852,96288,1328,2014,30327_2014
30327,23363,45.2,145176,96731,1331,2015,30327_2015
30327,23120,45.5,146361,101990,1002,2016,30327_2016
30327,23333,45.6,148480,101673,1046,2017,30327_2017
30327,22655,45.8,154738,107095,923,2018,30327_2018
30327,22893,46.5,155219,119599,832,2019,30327_2019
30328,32447,37.7,73434,51254,2754,2013,30328_2013
30328,33080,38.3,72852,50819,2542,2014,30328_2014
30328,34456,38,71900,50336,2875,2015,30328_2015
30328,35998,38.3,80826,51967,3106,2016,30328_2016
30328,36590,37.6,82991,53556,3167,2017,30328_2017
30328,37111,38.4,83860,56323,2864,2018,30328_2018
30328,38648,38.2,89446,60783,2213,2019,30328_2019
30329,26211,30.9,43933,30532,6077,2013,30329_2013
30329,27602,30.9,45547,30070,6477,2014,30329_2014
30329,28017,31,47898,31549,6396,2015,30329_2015
30329,28486,30.8,48873,31490,6645,2016,30329_2016
30329,28410,30.9,51589,31866,6153,2017,30329_2017
30329,27878,30.8,54274,34710,5995,2018,30329_2018
30329,28383,30.8,58658,37256,5747,2019,30329_2019
30331,59107,34.6,41777,22710,12611,2013,30331_2013
30331,59633,34.6,40847,22956,13882,2014,30331_2014
30331,61010,33.6,40578,23120,14415,2015,30331_2015
30331,63496,34.5,39956,23016,15414,2016,30331_2016
30331,64652,35,41303,24033,15124,2017,30331_2017
30331,64492,35.6,45852,25820,13150,2018,30331_2018
30331,66658,36.4,48347,27053,13793,2019,30331_2019
30336,752,29.1,35484,13072,90,2013,30336_2013
30336,628,29,37917,13300,46,2014,30336_2014
30336,522,33.8,31417,15048,18,2015,30336_2015
30336,522,38.1,25958,13689,18,2016,30336_2016
30337,11388,34.3,28388,19263,3954,2013,30337_2013
30337,11796,32.6,27862,19615,4047,2014,30337_2014
30337,12821,32.6,27775,19345,4415,2015,30337_2015
30337,13431,33.2,29108,20473,4507,2016,30337_2016
30337,13781,32.5,29106,20322,4744,2017,30337_2017
30337,13768,34.8,34003,25766,4173,2018,30337_2018
30337,13962,33.7,36665,24666,4145,2019,30337_2019
30338,32737,38.3,82765,47959,2040,2013,30338_2013
30338,33447,38,86008,48229,1923,2014,30338_2014
30338,33666,37.7,87266,48115,1840,2015,30338_2015
30338,34411,37.9,90997,50400,2050,2016,30338_2016
30338,34560,38.2,96506,52366,2058,2017,30338_2017
30338,35435,37.6,101982,54955,2119,2018,30338_2018
30338,35903,37.8,103373,58358,1877,2019,30338_2019
30339,18904,31.7,63871,53088,1241,2013,30339_2013
30339,20060,32.1,64624,53933,1511,2014,30339_2014
30339,21250,32.8,69846,55931,1345,2015,30339_2015
30339,21656,33.1,73628,60948,1335,2016,30339_2016
30339,22163,33.7,77346,62064,1536,2017,30339_2017
30339,23373,33.9,79883,62904,1353,2018,30339_2018
30339,23960,33.6,83365,66231,1208,2019,30339_2019
30340,31559,30.4,40955,18720,8403,2013,30340_2013
30340,31120,30.8,40054,19213,8226,2014,30340_2014
30340,30978,31,41179,19637,7338,2015,30340_2015
30340,29146,31.2,42248,20084,6528,2016,30340_2016
30340,28834,30.8,44157,20863,5815,2017,30340_2017
30340,28028,32,48250,23145,5595,2018,30340_2018
30340,27796,32,48793,24062,5188,2019,30340_2019
30341,30139,33.3,52423,31021,5739,2013,30341_2013
30341,31865,33,51927,30855,6764,2014,30341_2014
30341,31914,32.6,50788,30910,6764,2015,30341_2015
30341,31160,32.8,51838,31842,6473,2016,30341_2016
30341,32680,32.6,56643,32007,6404,2017,30341_2017
30341,32341,32.2,60154,35158,5403,2018,30341_2018
30341,32601,32.4,63247,39045,5414,2019,30341_2019
30342,31965,33.1,68867,51621,4195,2013,30342_2013
30342,30844,33.3,65155,53623,4540,2014,30342_2014
30342,31027,33.6,72030,60694,3618,2015,30342_2015
30342,30423,33.5,70900,61283,3704,2016,30342_2016
30342,29218,34.2,76552,66995,3154,2017,30342_2017
30342,30187,33.9,84458,73035,2405,2018,30342_2018
30342,30873,33.4,91740,78719,2331,2019,30342_2019
30344,32715,35.3,36830,19267,8742,2013,30344_2013
30344,32963,35.2,37324,18792,8978,2014,30344_2014
30344,33365,35.2,37264,19084,9156,2015,30344_2015
30344,33494,36.3,37470,20426,9031,2016,30344_2016
30344,33127,36.3,39655,22252,7978,2017,30344_2017
30344,32706,35,40750,23546,7306,2018,30344_2018
30344,32690,34.8,43332,25137,7615,2019,30344_2019
30345,24261,33.7,67335,40502,5379,2013,30345_2013
30345,23216,34.8,65010,42204,4420,2014,30345_2014
30345,24528,34.1,65079,40385,4908,2015,30345_2015
30345,24971,33.9,66260,41152,5250,2016,30345_2016
30345,25831,34.1,71914,44199,4761,2017,30345_2017
30345,25562,34.7,76635,45643,3574,2018,30345_2018
30345,25797,35.6,81044,48436,3144,2019,30345_2019
30346,5184,32.4,63409,50100,812,2013,30346_2013
30346,5172,33.4,64615,47168,918,2014,30346_2014
30346,5263,34.3,67074,48460,860,2015,30346_2015
30346,5215,34.4,80781,57036,305,2016,30346_2016
30346,5363,34.2,82367,59219,178,2017,30346_2017
30346,4965,34.4,90190,62474,85,2018,30346_2018
30346,4914,34.3,84879,63216,57,2019,30346_2019
30349,68941,31.8,43498,21145,12508,2013,30349_2013
30349,70414,31.9,43379,21164,14694,2014,30349_2014
30349,70334,32.9,44987,21254,13927,2015,30349_2015
30349,69996,33,45573,22093,12907,2016,30349_2016
30349,73310,32.6,46998,23245,12650,2017,30349_2017
30349,75514,34.1,49316,23658,12810,2018,30349_2018
30349,74590,34.8,51736,25887,10727,2019,30349_2019
30350,33451,32.8,51133,44680,4845,2013,30350_2013
30350,35433,33.4,52178,43322,5011,2014,30350_2014
30350,36434,33.6,53307,44195,5638,2015,30350_2015
30350,37211,34.1,56814,45568,5089,2016,30350_2016
30350,38840,34.2,61292,45860,5203,2017,30350_2017
30350,39464,34.5,64722,47953,4505,2018,30350_2018
30350,39075,35,68476,50582,3336,2019,30350_2019
30354,15983,32.3,28230,16595,6109,2013,30354_2013
30354,16580,32.4,26373,15819,6702,2014,30354_2014
30354,16688,33.2,30537,17367,5892,2015,30354_2015
30354,16819,33.4,31684,18394,6115,2016,30354_2016
30354,16886,33.5,33283,17945,5554,2017,30354_2017
30354,16398,33.1,37967,19056,5033,2018,30354_2018
30354,15680,33.1,41299,20916,4480,2019,30354_2019
30360,15476,32.9,48336,26229,3203,2013,30360_2013
30360,15501,34,49291,26086,3316,2014,30360_2014
30360,15744,34.9,50594,26702,3111,2015,30360_2015
30360,15529,35.1,58047,29143,2298,2016,30360_2016
30360,15997,35.2,62649,29813,2301,2017,30360_2017
30360,15927,34.7,70063,30980,2549,2018,30360_2018
30360,15856,34.2,73000,31898,2867,2019,30360_2019
30363,2845,27.8,56806,41158,687,2013,30363_2013
30363,3229,29,70802,44373,663,2014,30363_2014
30363,3189,29.1,66618,49878,571,2015,30363_2015
30363,3066,29.4,66914,51342,569,2016,30363_2016
30363,3165,28.7,60278,49110,881,2017,30363_2017
30363,3559,26.5,59591,48506,1177,2018,30363_2018
30363,3773,26.7,58702,49672,1276,2019,30363_2019
30518,45866,35.1,63843,27427,7612,2013,30518_2013
30518,46611,35.9,63889,28359,7406,2014,30518_2014
30518,48445,35.6,68115,29322,6487,2015,30518_2015
30518,49192,36.2,68145,27676,5541,2016,30518_2016
30518,50519,36.6,70504,29146,5381,2017,30518_2017
30518,52688,36.2,73753,30198,5555,2018,30518_2018
30518,53780,36.4,80839,32344,4862,2019,30518_2019
30519,40881,36.2,70015,26516,2501,2013,30519_2013
30519,42073,35.9,71028,26389,2704,2014,30519_2014
30519,42904,36.1,71693,26805,2292,2015,30519_2015
30519,45128,34.9,75671,28996,2623,2016,30519_2016
30519,45736,35.2,76982,30843,2317,2017,30519_2017
30519,46415,35.4,82113,34554,2186,2018,30519_2018
30519,47685,36.1,88493,36645,1278,2019,30519_2019
30620,12043,33.2,62500,23500,1426,2013,30620_2013
30620,12669,32.2,63776,21885,1536,2014,30620_2014
30620,12460,34.1,62593,21818,1718,2015,30620_2015
30620,12440,35.6,63199,23101,1160,2016,30620_2016
30620,12891,35.5,65824,24023,1009,2017,30620_2017
30620,13644,35.1,66918,24537,1058,2018,30620_2018
30620,14228,36.6,67332,26523,1120,2019,30620_2019
30641,2069,37.1,82206,31994,48,2013,30641_2013
30641,2130,40.4,69622,28958,59,2014,30641_2014
30641,1764,52.6,62159,30319,108,2015,30641_2015
30641,2108,51.3,62829,27579,122,2016,30641_2016
30641,1986,49.8,49250,28207,154,2017,30641_2017
30641,1957,48.8,47835,27250,203,2018,30641_2018
30641,1882,48.9,50556,28212,220,2019,30641_2019
30655,22953,36.5,41929,20091,4557,2013,30655_2013
30655,23581,35.3,43743,19930,5201,2014,30655_2014
30655,23928,35.6,45021,20998,4900,2015,30655_2015
30655,24638,35.4,46111,21808,4219,2016,30655_2016
30655,24957,35.6,46391,22317,4281,2017,30655_2017
30655,25210,35.7,48427,23619,4418,2018,30655_2018
30655,26516,34.7,49722,23612,4594,2019,30655_2019
30656,15905,37.6,53828,22741,2000,2013,30656_2013
30656,15400,39.2,52472,23657,2297,2014,30656_2014
30656,16036,37.2,56144,23880,2545,2015,30656_2015
30656,15363,39,57288,25905,2114,2016,30656_2016
30656,15700,39.1,57823,26121,2307,2017,30656_2017
30656,16129,41.5,60662,27588,2159,2018,30656_2018
30656,15284,44.2,64711,29325,1708,2019,30656_2019
30666,9287,37.3,53627,23167,771,2013,30666_2013
30666,9526,36.8,54989,23282,729,2014,30666_2014
30666,9837,37.2,57695,24401,637,2015,30666_2015
30666,9829,37.3,60500,26328,660,2016,30666_2016
30666,10264,36.5,62500,26988,812,2017,30666_2017
30666,10214,38,60369,27640,901,2018,30666_2018
30666,10876,34.8,65089,27989,878,2019,30666_2019
30680,39230,33,53266,20995,5959,2013,30680_2013
30680,39414,34.3,51559,20915,5729,2014,30680_2014
30680,40151,34.3,49939,20430,6790,2015,30680_2015
30680,41082,34.7,49705,20949,6595,2016,30680_2016
30680,42196,35.4,53263,21919,6068,2017,30680_2017
30680,42975,35.1,55156,22398,5686,2018,30680_2018
30680,44800,35.6,59361,23862,6392,2019,30680_2019
