Zipcode,Year,Average House Price
30349,2013,80892.08333
30349,2014,98395.41667
30349,2015,106951.4167
30349,2016,116409.8333
30349,2017,129494.5833
30349,2018,142992.4167
30349,2019,158115.3333
30349,2020,170837.0833
30349,2021,190077.6667
30044,2013,121165
30044,2014,143364.5833
30044,2015,153810.1667
30044,2016,166081.0833
30044,2017,181585.25
30044,2018,199824.3333
30044,2019,214027.5833
30044,2020,229088.5
30044,2021,258131.5
30043,2013,165054.1667
30043,2014,185548.8333
30043,2015,194663.4167
30043,2016,206903.75
30043,2017,221339.25
30043,2018,239188
30043,2019,251956
30043,2020,265893.9167
30043,2021,299895.3333
30096,2013,155881.25
30096,2014,177624.9167
30096,2015,187460.9167
30096,2016,201543.25
30096,2017,216611.4167
30096,2018,235921.6667
30096,2019,250680.6667
30096,2020,264996.0833
30096,2021,295920
30024,2013,268330.4167
30024,2014,294169.5
30024,2015,306868.8333
30024,2016,323844.25
30024,2017,342600.1667
30024,2018,361869.9167
30024,2019,372064.0833
30024,2020,383159.0833
30024,2021,423941.1667
30281,2013,106636.0833
30281,2014,125374.5833
30281,2015,134833.5
30281,2016,141093.6667
30281,2017,151809.0833
30281,2018,163430.4167
30281,2019,174927.25
30281,2020,191922.1667
30281,2021,214713.1667
30040,2013,253953.5833
30040,2014,276870.4167
30040,2015,294074.75
30040,2016,305997.6667
30040,2017,319697.4167
30040,2018,337200.25
30040,2019,345780
30040,2020,360127.1667
30040,2021,404036.1667
30318,2013,125278.8333
30318,2014,146799.25
30318,2015,161249.1667
30318,2016,178924.5
30318,2017,201709.5
30318,2018,232917.25
30318,2019,261288.5
30318,2020,282129.8333
30318,2021,310949
30188,2013,188326.4167
30188,2014,206373.25
30188,2015,213668.0833
30188,2016,233465.3333
30188,2017,245966.5833
30188,2018,265628.6667
30188,2019,282992.4167
30188,2020,297947.75
30188,2021,330274.1667
30052,2013,144232.8333
30052,2014,166106.4167
30052,2015,178470.0833
30052,2016,188880.4167
30052,2017,200622.4167
30052,2018,218151.6667
30052,2019,232681.3333
30052,2020,246545.5
30052,2021,274761.3333
30041,2013,288336.1667
30041,2014,315732.3333
30041,2015,332613.25
30041,2016,344182.0833
30041,2017,358645.25
30041,2018,376048.0833
30041,2019,383065.5833
30041,2020,396619.75
30041,2021,442407.1667
30080,2013,231088.4167
30080,2014,251542.4167
30080,2015,268345.9167
30080,2016,284493.9167
30080,2017,305270.1667
30080,2018,329616.6667
30080,2019,343390
30080,2020,355342.0833
30080,2021,388335.5
30062,2013,256467.25
30062,2014,280265.0833
30062,2015,294284.5833
30062,2016,314092.5
30062,2017,331273.6667
30062,2018,348157.6667
30062,2019,356392.1667
30062,2020,369735.5833
30062,2021,405234
30331,2013,100222
30331,2014,117433.25
30331,2015,129182.0833
30331,2016,137551.5
30331,2017,150872.25
30331,2018,166473.5833
30331,2019,182827.4167
30331,2020,198835.8333
30331,2021,222918.3333
30022,2013,334091.6667
30022,2014,364494
30022,2015,380353.25
30022,2016,396539.8333
30022,2017,414648.5833
30022,2018,435817.1667
30022,2019,440601.5833
30022,2020,451693.75
30022,2021,489315.3333
30004,2013,354153.25
30004,2014,386697.5
30004,2015,406052.5
30004,2016,424177.8333
30004,2017,444883.9167
30004,2018,467484.4167
30004,2019,477303.5833
30004,2020,495087.6667
30004,2021,541217.1667
30127,2013,148429.75
30127,2014,163900.8333
30127,2015,173899.5833
30127,2016,183913.1667
30127,2017,196171.9167
30127,2018,212158.1667
30127,2019,225485.9167
30127,2020,239407.25
30127,2021,269088.8333
30253,2013,127137.3333
30253,2014,145879.3333
30253,2015,154011.75
30253,2016,159705.0833
30253,2017,168232.0833
30253,2018,181358
30253,2019,193369.0833
30253,2020,210591.5833
30253,2021,235540.8333
30135,2013,122920.75
30135,2014,138276.5833
30135,2015,146988.75
30135,2016,154408
30135,2017,167690.8333
30135,2018,182305
30135,2019,195213.5833
30135,2020,209858.5833
30135,2021,238312.8333
30263,2013,134925
30263,2014,146509.25
30263,2015,154498.9167
30263,2016,163637.25
30263,2017,171311.5833
30263,2018,184016.75
30263,2019,195426.9167
30263,2020,208875.75
30263,2021,230932.8333
30066,2013,194026.0833
30066,2014,212633.3333
30066,2015,224281.3333
30066,2016,240645.3333
30066,2017,255833.0833
30066,2018,273292.8333
30066,2019,283385.8333
30066,2020,297848.8333
30066,2021,329270.6667
30101,2013,191938.8333
30101,2014,208608.5
30101,2015,219788.25
30101,2016,233324.25
30101,2017,246381.8333
30101,2018,263439.8333
30101,2019,276612.75
30101,2020,291310
30101,2021,323961.1667
30058,2013,78391.08333
30058,2014,93824.08333
30058,2015,102015.4167
30058,2016,112087.8333
30058,2017,120945.5833
30058,2018,137856.8333
30058,2019,150253
30058,2020,165991.9167
30058,2021,187516.6667
30083,2013,78150.75
30083,2014,95461.91667
30083,2015,102009.8333
30083,2016,111594.75
30083,2017,120989.5
30083,2018,141660.8333
30083,2019,156851.75
30083,2020,171021.3333
30083,2021,192386.8333
30047,2013,156844.5
30047,2014,173703.0833
30047,2015,181229.25
30047,2016,193669.4167
30047,2017,208385.25
30047,2018,225241.4167
30047,2019,240002.5833
30047,2020,255068.5833
30047,2021,287313.8333
30075,2013,339507.8333
30075,2014,368142.25
30075,2015,385906.25
30075,2016,408081.5833
30075,2017,429309.5833
30075,2018,448801.5
30075,2019,458943.3333
30075,2020,469164.6667
30075,2021,512348.6667
30067,2013,272059.3333
30067,2014,294229.6667
30067,2015,309400.8333
30067,2016,325319.5
30067,2017,342130.3333
30067,2018,362757.5
30067,2019,371964.3333
30067,2020,387865.5
30067,2021,426578
30114,2013,201214.3333
30114,2014,218087.9167
30114,2015,222467.5833
30114,2016,240790.4167
30114,2017,251892.9167
30114,2018,271402.5833
30114,2019,287761.6667
30114,2020,301527.9167
30114,2021,333298.5
30144,2013,161656.4167
30144,2014,177860.75
30144,2015,187437.1667
30144,2016,199930.75
30144,2017,214484.8333
30144,2018,229831.6667
30144,2019,243336.5
30144,2020,257546.0833
30144,2021,287100.6667
30319,2013,433095.0833
30319,2014,480495.75
30319,2015,507921.25
30319,2016,544996.5833
30319,2017,562700.5
30319,2018,598817.9167
30319,2019,606208.0833
30319,2020,619045.0833
30319,2021,663670
30016,2013,91552.83333
30016,2014,109581.8333
30016,2015,119115.25
30016,2016,126655.5
30016,2017,134893.5
30016,2018,148037.5
30016,2019,164887.0833
30016,2020,175198
30016,2021,191754
30236,2013,74939
30236,2014,92757.75
30236,2015,103113
30236,2016,110022
30236,2017,122038.6667
30236,2018,137474.6667
30236,2019,154842.6667
30236,2020,166818.5833
30236,2021,182415.8333
30309,2013,504129.1667
30309,2014,565245.4167
30309,2015,609606.9167
30309,2016,635537.9167
30309,2017,666795.5833
30309,2018,711065
30309,2019,719694.5
30309,2020,736241.4167
30309,2021,775766.8333
30032,2013,71051.5
30032,2014,87666.66667
30032,2015,101573.5833
30032,2016,108776.0833
30032,2017,127685.1667
30032,2018,170464.8333
30032,2019,199871
30032,2020,206801.6667
30032,2021,226482.6667
30064,2013,224622.3333
30064,2014,242665.5
30064,2015,255245.0833
30064,2016,270813.9167
30064,2017,287751.5
30064,2018,305669.1667
30064,2019,319359.5
30064,2020,334016
30064,2021,371771.8333
30328,2013,402876.1667
30328,2014,433682.25
30328,2015,456536.0833
30328,2016,481929.25
30328,2017,501811.5833
30328,2018,525383.5
30328,2019,533949.8333
30328,2020,547787.0833
30328,2021,585782.6667
30093,2013,94857.83333
30093,2014,116477.25
30093,2015,130115.0833
30093,2016,142036.75
30093,2017,156411.4167
30093,2018,172187.5
30093,2019,188061.8333
30093,2020,204106.3333
30093,2021,232247.8333
30518,2013,182068.25
30518,2014,201811.5
30518,2015,210675.5833
30518,2016,222789.75
30518,2017,238045.0833
30518,2018,257708.5833
30518,2019,269701.6667
30518,2020,283416.6667
30518,2021,317126.8333
30324,2013,396403.8333
30324,2014,437320.0833
30324,2015,467701.9167
30324,2016,491089.9167
30324,2017,520167.8333
30324,2018,552843.3333
30324,2019,564183.1667
30324,2020,575966.0833
30324,2021,607349.8333
30034,2013,75234.5
30034,2014,92596.33333
30034,2015,101896
30034,2016,114562.4167
30034,2017,123594.5
30034,2018,144244
30034,2019,161355.8333
30034,2020,176212.3333
30034,2021,198678.1667
30076,2013,269643.8333
30076,2014,293975.0833
30076,2015,309681.9167
30076,2016,329554.0833
30076,2017,354499.3333
30076,2018,376294.0833
30076,2019,387119.1667
30076,2020,398246.75
30076,2021,431212.1667
30097,2013,348205.4167
30097,2014,381434.75
30097,2015,397222.8333
30097,2016,414353.8333
30097,2017,432446.1667
30097,2018,450988.3333
30097,2019,459274.4167
30097,2020,470453.5
30097,2021,513674.6667
30339,2013,318909.25
30339,2014,343609.4167
30339,2015,364470.3333
30339,2016,384058.5
30339,2017,403911
30339,2018,427027.5
30339,2019,439571.75
30339,2020,451643.3333
30339,2021,484419.6667
30157,2013,126178.0833
30157,2014,138847.9167
30157,2015,146703.5
30157,2016,154475.6667
30157,2017,162300.9167
30157,2018,178222.0833
30157,2019,191907.9167
30157,2020,206543.0833
30157,2021,232108
30519,2013,191950.8333
30519,2014,212589.5
30519,2015,221197.25
30519,2016,233148.3333
30519,2017,248051.3333
30519,2018,265619.8333
30519,2019,278984.5833
30519,2020,292249.1667
30519,2021,327248.6667
30350,2013,447988.8333
30350,2014,480418.4167
30350,2015,496473.1667
30350,2016,513982.5833
30350,2017,531970
30350,2018,560275.5833
30350,2019,563145.1667
30350,2020,582032.3333
30350,2021,628759.3333
30228,2013,101987.9167
30228,2014,121280.1667
30228,2015,133454.6667
30228,2016,140160.1667
30228,2017,150330.25
30228,2018,166447
30228,2019,182481.0833
30228,2020,196547.75
30228,2021,217015.6667
30120,2013,118802.8333
30120,2014,127431.1667
30120,2015,135565.25
30120,2016,145837.1667
30120,2017,159193.6667
30120,2018,174279.1667
30120,2019,189801.9167
30120,2020,201708.5
30120,2021,220896.1667
30039,2013,123432.75
30039,2014,144311.4167
30039,2015,155559.5833
30039,2016,165500
30039,2017,178031.8333
30039,2018,193824.4167
30039,2019,207987.5833
30039,2020,223822.8333
30039,2021,253675
30680,2013,107411.9167
30680,2014,129052.5
30680,2015,134202.5833
30680,2016,145821
30680,2017,157706.1667
30680,2018,176431.4167
30680,2019,188961.25
30680,2020,207835.9167
30680,2021,231538.6667
30115,2013,228424.4167
30115,2014,248557.6667
30115,2015,254744.0833
30115,2016,277177.5833
30115,2017,287637.25
30115,2018,308516.25
30115,2019,325614.5
30115,2020,340288.1667
30115,2021,375609.5
30126,2013,159469
30126,2014,178486.25
30126,2015,189122
30126,2016,201475.0833
30126,2017,214453.0833
30126,2018,230905.4167
30126,2019,244094.0833
30126,2020,258776.3333
30126,2021,289275
30134,2013,94653.58333
30134,2014,109367.1667
30134,2015,119993.6667
30134,2016,129972.0833
30134,2017,142939.75
30134,2018,157476.3333
30134,2019,170933
30134,2020,185472.3333
30134,2021,210335.5
30038,2013,90145.91667
30038,2014,105798.9167
30038,2015,112161.4167
30038,2016,121130
30038,2017,130131.3333
30038,2018,147301.9167
30038,2019,157756.6667
30038,2020,173231.3333
30038,2021,196441.1667
30132,2013,122536.4167
30132,2014,134935.9167
30132,2015,159102.8333
30132,2016,179399.4167
30132,2017,199732.1667
30132,2018,217648.75
30132,2019,232033.75
30132,2020,249215
30132,2021,277575.3333
30316,2013,171123.1667
30316,2014,188757.8333
30316,2015,205785.0833
30316,2016,231194.75
30316,2017,256070.0833
30316,2018,298230.8333
30316,2019,317020.8333
30316,2020,327743.3333
30316,2021,357434
30252,2013,161009.8333
30252,2014,181954.1667
30252,2015,190204.1667
30252,2016,195614.1667
30252,2017,207291.4167
30252,2018,224008.4167
30252,2019,236307.8333
30252,2020,254624.5
30252,2021,281848
30019,2013,191624
30019,2014,214091.9167
30019,2015,224103
30019,2016,236181.4167
30019,2017,249367.75
30019,2018,266549
30019,2019,279684.9167
30019,2020,292607.5
30019,2021,330357.1667
30152,2013,221382.6667
30152,2014,239663.75
30152,2015,250533.3333
30152,2016,264814.8333
30152,2017,278301.3333
30152,2018,294390.8333
30152,2019,306255.5
30152,2020,320853.1667
30152,2021,355754.5
30213,2013,108803.3333
30213,2014,133093.25
30213,2015,147852.5833
30213,2016,159182.5833
30213,2017,169743.1667
30213,2018,184282.25
30213,2019,196644
30213,2020,210209
30213,2021,233328.3333
30305,2013,679317.8333
30305,2014,738069.3333
30305,2015,786194.9167
30305,2016,815982
30305,2017,843807.3333
30305,2018,882668.5833
30305,2019,897722.4167
30305,2020,917204.1667
30305,2021,964591.6667
30084,2013,169588.75
30084,2014,185403.25
30084,2015,194123.1667
30084,2016,207608.4167
30084,2017,224691.4167
30084,2018,249674.5
30084,2019,262240.1667
30084,2020,278300
30084,2021,306594.1667
30102,2013,150123.75
30102,2014,165172.9167
30102,2015,173511.75
30102,2016,185247.3333
30102,2017,198303.5
30102,2018,218029.3333
30102,2019,234688.9167
30102,2020,249090.25
30102,2021,277487
30338,2013,398040.3333
30338,2014,423881.5833
30338,2015,437263.0833
30338,2016,464675.0833
30338,2017,479884.75
30338,2018,512486.0833
30338,2019,515249.25
30338,2020,524407.5833
30338,2021,563223.5
30294,2013,85611.41667
30294,2014,103599.5833
30294,2015,116036
30294,2016,127551.3333
30294,2017,139940.4167
30294,2018,156513.1667
30294,2019,172882.4167
30294,2020,188699.6667
30294,2021,208875.5
30311,2013,64814.25
30311,2014,75800.5
30311,2015,87687
30311,2016,101520.5833
30311,2017,128099.1667
30311,2018,176714.0833
30311,2019,206159.8333
30311,2020,225991
30311,2021,258605.3333
30269,2013,260018
30269,2014,278917.75
30269,2015,294512.5
30269,2016,309179.5
30269,2017,333184.8333
30269,2018,348179.5
30269,2019,357132.25
30269,2020,370407.0833
30269,2021,390992.8333
30092,2013,279189.6667
30092,2014,302795.9167
30092,2015,312297.9167
30092,2016,330612.3333
30092,2017,351172.3333
30092,2018,373622.75
30092,2019,387992.1667
30092,2020,399004.75
30092,2021,440348
30180,2013,119792
30180,2014,130054.9167
30180,2015,139163.3333
30180,2016,146618.1667
30180,2017,158609.25
30180,2018,175316.6667
30180,2019,188046.9167
30180,2020,203743
30180,2021,225477.3333
30033,2013,260517.3333
30033,2014,283604.8333
30033,2015,293948.6667
30033,2016,317978.9167
30033,2017,337092.4167
30033,2018,372901.25
30033,2019,384376
30033,2020,393737.6667
30033,2021,422197.1667
30223,2013,71905.83333
30223,2014,78184.83333
30223,2015,80992.66667
30223,2016,80892.66667
30223,2017,91222.25
30223,2018,97905.41667
30223,2019,108554
30223,2020,125288.6667
30223,2021,140657
30344,2013,70893.33333
30344,2014,80865.33333
30344,2015,92717.83333
30344,2016,107789.4167
30344,2017,125925.75
30344,2018,148222.4167
30344,2019,169061.9167
30344,2020,186217.3333
30344,2021,209861.1667
30189,2013,192339.4167
30189,2014,209378.5
30189,2015,214604.5833
30189,2016,234848.6667
30189,2017,245429.25
30189,2018,263861.3333
30189,2019,280366.75
30189,2020,295541.1667
30189,2021,329132.3333
30087,2013,135374.3333
30087,2014,152984.1667
30087,2015,162162.8333
30087,2016,176684.0833
30087,2017,188860.4167
30087,2018,209485.8333
30087,2019,221034.75
30087,2020,234580.75
30087,2021,265129.1667
30342,2013,562624.6667
30342,2014,612800.9167
30342,2015,649287.9167
30342,2016,671275.9167
30342,2017,695232.3333
30342,2018,726783.3333
30342,2019,735506.5833
30342,2020,741773.3333
30342,2021,780427.6667
30238,2013,59429.16667
30238,2014,77180.5
30238,2015,82406
30238,2016,87409.5
30238,2017,98592.58333
30238,2018,115695.4167
30238,2019,134635.3333
30238,2020,148753.3333
30238,2021,162037.6667
30329,2013,312731.4167
30329,2014,350584.75
30329,2015,370626.1667
30329,2016,394693.25
30329,2017,413458.6667
30329,2018,449321.4167
30329,2019,459154.25
30329,2020,456898.9167
30329,2021,484960.6667
30014,2013,98681
30014,2014,118247.4167
30014,2015,128145
30014,2016,134816.9167
30014,2017,142568.5833
30014,2018,154780.9167
30014,2019,171391.75
30014,2020,182404.3333
30014,2021,202207.5
30046,2013,112056.5833
30046,2014,133400.8333
30046,2015,146453
30046,2016,157383.6667
30046,2017,170632.1667
30046,2018,187850
30046,2019,202619.25
30046,2020,215843.25
30046,2021,246326
30341,2013,248514.5
30341,2014,273315.1667
30341,2015,289061.5
30341,2016,318490.25
30341,2017,342804.75
30341,2018,380385.25
30341,2019,396290.6667
30341,2020,411309.25
30341,2021,444686.3333
30117,2013,97284.33333
30117,2014,105274
30117,2015,114490.5833
30117,2016,120068
30117,2017,131679.6667
30117,2018,144701.6667
30117,2019,155982
30117,2020,170468.5833
30117,2021,188214.5
30308,2013,344570
30308,2014,389677
30308,2015,425854.6667
30308,2016,465035.5
30308,2017,502952.6667
30308,2018,548369.1667
30308,2019,574958.3333
30308,2020,600924.75
30308,2021,641191.6667
30060,2013,112159.5833
30060,2014,132013.5833
30060,2015,143881.0833
30060,2016,152912.25
30060,2017,165188.6667
30060,2018,182011.9167
30060,2019,200765.25
30060,2020,217521
30060,2021,247276.6667
30030,2013,358465.4167
30030,2014,393255.5833
30030,2015,423763.0833
30030,2016,455644.75
30030,2017,484487.1667
30030,2018,530898.5833
30030,2019,543169
30030,2020,560597.1667
30030,2021,598966
30315,2013,70613.41667
30315,2014,77073.33333
30315,2015,82135.91667
30315,2016,93766.16667
30315,2017,108642.1667
30315,2018,137752.25
30315,2019,167762.3333
30315,2020,187682.25
30315,2021,214219.5
30265,2013,180784.3333
30265,2014,192448.3333
30265,2015,202291.5
30265,2016,212433.25
30265,2017,222003
30265,2018,235934.3333
30265,2019,246830.9167
30265,2020,259513.0833
30265,2021,282003.3333
30005,2013,358164.4167
30005,2014,392467.4167
30005,2015,409505.5833
30005,2016,427858.8333
30005,2017,445009.5
30005,2018,462181.6667
30005,2019,466907.4167
30005,2020,479989.5
30005,2021,522356.3333
30312,2013,240234.8333
30312,2014,272142.1667
30312,2015,300142.4167
30312,2016,335471.5833
30312,2017,381561.5
30312,2018,425568.5
30312,2019,444617.75
30312,2020,458755.4167
30312,2021,491371.6667
30078,2013,144289.25
30078,2014,162849
30078,2015,172787.0833
30078,2016,182130.4167
30078,2017,194407.9167
30078,2018,211481
30078,2019,224727.8333
30078,2020,238768.5833
30078,2021,268964.1667
30068,2013,351345.25
30068,2014,381448.75
30068,2015,399435.5833
30068,2016,423611.75
30068,2017,439926.1667
30068,2018,453812.9167
30068,2019,459267.75
30068,2020,472345.0833
30068,2021,518617.5
30274,2013,46748.58333
30274,2014,59331.08333
30274,2015,63061.41667
30274,2016,69121.5
30274,2017,78589
30274,2018,92123.5
30274,2019,110849.25
30274,2020,126955
30274,2021,141440.3333
30310,2013,59647
30310,2014,70144.58333
30310,2015,81049.08333
30310,2016,102409.25
30310,2017,146440.25
30310,2018,195914.1667
30310,2019,236137.3333
30310,2020,253418.8333
30310,2021,288318.6667
30215,2013,208817.9167
30215,2014,226486.6667
30215,2015,237017.8333
30215,2016,248476.0833
30215,2017,264921.9167
30215,2018,281109.0833
30215,2019,293279.5
30215,2020,308051.1667
30215,2021,331421.1667
30214,2013,169052.5
30214,2014,181441.1667
30214,2015,191636.25
30214,2016,204699.0833
30214,2017,221856
30214,2018,234896.9167
30214,2019,246984.5833
30214,2020,260229.4167
30214,2021,281040.3333
30045,2013,148958.0833
30045,2014,171081.5833
30045,2015,181641.3333
30045,2016,192809.0833
30045,2017,207163.5833
30045,2018,225505.1667
30045,2019,240247.5
30045,2020,255164.3333
30045,2021,287671
30306,2013,546175.9167
30306,2014,611742.9167
30306,2015,649190.25
30306,2016,685757.3333
30306,2017,719434.8333
30306,2018,760909.5
30306,2019,785002.1667
30306,2020,805709
30306,2021,857522.1667
30534,2013,168118.5833
30534,2014,180388.0833
30534,2015,191601.0833
30534,2016,201493.5833
30534,2017,213489.75
30534,2018,231791.5833
30534,2019,248306.9167
30534,2020,260368.1667
30534,2021,276521.5
30094,2013,116050.5833
30094,2014,136390.25
30094,2015,142457.3333
30094,2016,151491.1667
30094,2017,162187.8333
30094,2018,183277.25
30094,2019,198065.6667
30094,2020,209948
30094,2021,235776.1667
30082,2013,211738.3333
30082,2014,231299.5
30082,2015,243800
30082,2016,259160.0833
30082,2017,277863.6667
30082,2018,298675.9167
30082,2019,312987.9167
30082,2020,324938.25
30082,2021,360015.6667
30013,2013,116487
30013,2014,136884.9167
30013,2015,143605.8333
30013,2016,152731.9167
30013,2017,164457.5833
30013,2018,185000.5
30013,2019,198760
30013,2020,210805.25
30013,2021,233799.8333
30008,2013,116379.8333
30008,2014,136027
30008,2015,147397.9167
30008,2016,158210.9167
30008,2017,170993
30008,2018,186074.4167
30008,2019,201218
30008,2020,216527.6667
30008,2021,244980.5
30340,2013,147590.4167
30340,2014,172071.4167
30340,2015,181290.4167
30340,2016,194962.1667
30340,2017,211949.75
30340,2018,243376.0833
30340,2019,263649.0833
30340,2020,279616.5833
30340,2021,299844.6667
30012,2013,93675.83333
30012,2014,108995.75
30012,2015,112570
30012,2016,117769.25
30012,2017,123794.9167
30012,2018,142153.5
30012,2019,154247.1667
30012,2020,166367.1667
30012,2021,187536.8333
30224,2013,93800.08333
30224,2014,102986.6667
30224,2015,108165.75
30224,2016,110676.4167
30224,2017,125811.8333
30224,2018,135440.6667
30224,2019,147605.4167
30224,2020,162487.9167
30224,2021,178697.1667
30028,2013,220885.8333
30028,2014,243234.25
30028,2015,257398.0833
30028,2016,269252.1667
30028,2017,282321.1667
30028,2018,300515.5
30028,2019,310562.0833
30028,2020,327014.25
30028,2021,368526.8333
30143,2013,174261.75
30143,2014,186368.0833
30143,2015,198286.75
30143,2016,209448.9167
30143,2017,220553.8333
30143,2018,235088.8333
30143,2019,246698.75
30143,2020,255652.5833
30143,2021,269886.6667
30345,2013,326101.8333
30345,2014,362516.5833
30345,2015,379798.9167
30345,2016,411842.25
30345,2017,427539.9167
30345,2018,461987.5
30345,2019,473240.4167
30345,2020,478500
30345,2021,510783
30296,2013,59983.91667
30296,2014,75334.5
30296,2015,83410.91667
30296,2016,92014.91667
30296,2017,105270.8333
30296,2018,122003.0833
30296,2019,139337.6667
30296,2020,154792.6667
30296,2021,171170.3333
30655,2013,119671.75
30655,2014,131922
30655,2015,141089.4167
30655,2016,151565.0833
30655,2017,161737.5833
30655,2018,177437.3333
30655,2019,190101.75
30655,2020,202783.5
30655,2021,224916.6667
30088,2013,72503.25
30088,2014,88403.5
30088,2015,96534.58333
30088,2016,102066.0833
30088,2017,109195.6667
30088,2018,129077.4167
30088,2019,144818.6667
30088,2020,161267.5833
30088,2021,181107.8333
30327,2013,984405
30327,2014,1054386.417
30327,2015,1110103.167
30327,2016,1145741.167
30327,2017,1156294.917
30327,2018,1218167.5
30327,2019,1247752.833
30327,2020,1270437.833
30327,2021,1353403.333
30168,2013,86996.5
30168,2014,103995.5
30168,2015,117682.3333
30168,2016,129491.5833
30168,2017,139968.6667
30168,2018,154400.1667
30168,2019,169303.3333
30168,2020,184882.8333
30168,2021,215163
30248,2013,127550.1667
30248,2014,147996.4167
30248,2015,154512.6667
30248,2016,159437.75
30248,2017,167091.25
30248,2018,179777.75
30248,2019,191623.0833
30248,2020,208590.9167
30248,2021,232597.5
30122,2013,89819.33333
30122,2014,100691.0833
30122,2015,113650.0833
30122,2016,123565.4167
30122,2017,136980.25
30122,2018,150800.8333
30122,2019,160150.3333
30122,2020,177973.1667
30122,2021,205366.6667
30307,2013,420365.5
30307,2014,461212.25
30307,2015,484273.8333
30307,2016,512166.1667
30307,2017,538259.75
30307,2018,586840.3333
30307,2019,597494.5
30307,2020,608356.9167
30307,2021,644426
30297,2013,34603.83333
30297,2014,43423.25
30297,2015,47903
30297,2016,49836.58333
30297,2017,56729.33333
30297,2018,67076.41667
30297,2019,82479.91667
30297,2020,98125.83333
30297,2021,110277.8333
30260,2013,54140.5
30260,2014,67875.25
30260,2015,75395
30260,2016,81398.41667
30260,2017,90340.58333
30260,2018,104711.75
30260,2019,124025.3333
30260,2020,137689.5833
30260,2021,151793
30291,2013,79758.83333
30291,2014,96336
30291,2015,105233.8333
30291,2016,115203.4167
30291,2017,125389.4167
30291,2018,139632.75
30291,2019,150722.25
30291,2020,164794.9167
30291,2021,182941.8333
30233,2013,105890.3333
30233,2014,113644.75
30233,2015,119673.4167
30233,2016,125277.0833
30233,2017,131910.3333
30233,2018,140360.75
30233,2019,149614.1667
30233,2020,156957.4167
30233,2021,166309.1667
30021,2013,105748.6667
30021,2014,125955.6667
30021,2015,132389.25
30021,2016,143733.9167
30021,2017,157698.75
30021,2018,181724.0833
30021,2019,193607.1667
30021,2020,213189
30021,2021,241272.5
30121,2013,119022.1667
30121,2014,127567.75
30121,2015,133653.25
30121,2016,143343
30121,2017,155646.9167
30121,2018,169862.1667
30121,2019,184949.75
30121,2020,197011.1667
30121,2021,218885.6667
30141,2013,137361.5833
30141,2014,142981.4167
30141,2015,154954.8333
30141,2016,155977.8333
30141,2017,162159.5833
30141,2018,177764.4167
30141,2019,192003.9167
30141,2020,207186
30141,2021,232802.1667
30116,2013,106621.5833
30116,2014,114617.0833
30116,2015,123051.0833
30116,2016,132377.5
30116,2017,144524.1667
30116,2018,158518.5
30116,2019,171035.5833
30116,2020,186455.8333
30116,2021,203728.6667
30035,2013,69222.83333
30035,2014,84877
30035,2015,90180.33333
30035,2016,101700.6667
30035,2017,111175.6667
30035,2018,133278
30035,2019,152607.4167
30035,2020,166726.1667
30035,2021,186294.3333
30009,2013,281669.1667
30009,2014,312236
30009,2015,330464.3333
30009,2016,350437.1667
30009,2017,377766.9167
30009,2018,403371.1667
30009,2019,420930.25
30009,2020,437089.75
30009,2021,477846
30017,2013,186339.3333
30017,2014,210133.3333
30017,2015,220247
30017,2016,228730.1667
30017,2017,240696.5
30017,2018,259504
30017,2019,272714.1667
30017,2020,287147.75
30017,2021,322946.8333
30106,2013,103858
30106,2014,121562
30106,2015,132682.8333
30106,2016,143289.3333
30106,2017,156021.5833
30106,2018,170846.6667
30106,2019,183968.1667
30106,2020,198018.5833
30106,2021,226954.5
30071,2013,117025.1667
30071,2014,135345.4167
30071,2015,148187.75
30071,2016,160784.75
30071,2017,175638
30071,2018,194885.5
30071,2019,208863.5
30071,2020,220648.8333
30071,2021,247265.5
30314,2013,46967.75
30314,2014,50527.91667
30314,2015,51044.91667
30314,2016,62559.33333
30314,2017,79292
30314,2018,116054.4167
30314,2019,161964.0833
30314,2020,199191.25
30314,2021,235272.5
30277,2013,196425.75
30277,2014,212612.8333
30277,2015,220739.9167
30277,2016,230870.5
30277,2017,240888.4167
30277,2018,253357.25
30277,2019,265285.25
30277,2020,278296.6667
30277,2021,302896.3333
30273,2013,63899.41667
30273,2014,79013
30273,2015,87659.41667
30273,2016,93078.75
30273,2017,107820
30273,2018,124711.25
30273,2019,141483.4167
30273,2020,153337.1667
30273,2021,169746.6667
30179,2013,99243.75
30179,2014,106238.75
30179,2015,113898.5
30179,2016,122364.5833
30179,2017,133428.75
30179,2018,148039.3333
30179,2019,158633.75
30179,2020,172442.0833
30179,2021,191725.6667
30354,2013,57238.08333
30354,2014,66741
30354,2015,71885.5
30354,2016,82219.66667
30354,2017,96628
30354,2018,119489.5833
30354,2019,147885.5833
30354,2020,167953.6667
30354,2021,193087.8333
30276,2013,193968.3333
30276,2014,207589.5833
30276,2015,218950
30276,2016,230170.9167
30276,2017,241293.1667
30276,2018,259045.9167
30276,2019,271765.8333
30276,2020,289641.1667
30276,2021,316741.1667
30317,2013,255214.9167
30317,2014,276714.3333
30317,2015,308806.1667
30317,2016,334914.4167
30317,2017,363765.9167
30317,2018,412574.0833
30317,2019,431099.0833
30317,2020,442067.75
30317,2021,481100.3333
30011,2013,122579.5833
30011,2014,146302.3333
30011,2015,152517.8333
30011,2016,164356.75
30011,2017,175420.5833
30011,2018,195386
30011,2019,206993.4167
30011,2020,223490.3333
30011,2021,249985.3333
30360,2013,217934.0833
30360,2014,246803.6667
30360,2015,261239.9167
30360,2016,284686.25
30360,2017,304890.9167
30360,2018,335853.75
30360,2019,355060.3333
30360,2020,371502.6667
30360,2021,404513
30656,2013,133590.8333
30656,2014,148694.5
30656,2015,161496.0833
30656,2016,170931.75
30656,2017,180993.0833
30656,2018,199835.1667
30656,2019,211994.3333
30656,2020,224402.5833
30656,2021,246049.3333
30107,2013,189893.25
30107,2014,205807.5833
30107,2015,211428.6667
30107,2016,226225
30107,2017,236764.5
30107,2018,257040.1667
30107,2019,274309.25
30107,2020,287256
30107,2021,321435.8333
30103,2013,108674
30103,2014,115942.75
30103,2015,123216.1667
30103,2016,131517
30103,2017,142773.8333
30103,2018,155460
30103,2019,169563.9167
30103,2020,178382.9167
30103,2021,196361.6667
30326,2013,349353.4167
30326,2014,394729
30326,2015,430050.75
30326,2016,440586.4167
30326,2017,457528.5
30326,2018,474082.9167
30326,2019,470961.3333
30326,2020,474096.4167
30326,2021,497045
30337,2013,101376.9167
30337,2014,119058.4167
30337,2015,136437.6667
30337,2016,153120.5833
30337,2017,166936
30337,2018,190424.1667
30337,2019,206147.5833
30337,2020,216856.9167
30337,2021,242480.3333
30110,2013,97822.66667
30110,2014,104232.75
30110,2015,110517.5833
30110,2016,116468.9167
30110,2017,123932.4167
30110,2018,133903.3333
30110,2019,145500.1667
30110,2020,153545.4167
30110,2021,162473.6667
30650,2013,161425.1667
30650,2014,173738
30650,2015,184517.75
30650,2016,195378.75
30650,2017,205304
30650,2018,221653.5833
30650,2019,236073.5833
30650,2020,245306.5
30650,2021,259158
30620,2013,115880.1667
30620,2014,139553.8333
30620,2015,147039
30620,2016,159142
30620,2017,171002.6667
30620,2018,188824.0833
30620,2019,200740.5
30620,2020,218124.6667
30620,2021,243945.5
30204,2013,79738.41667
30204,2014,84477
30204,2015,89635.83333
30204,2016,93594.41667
30204,2017,98442
30204,2018,105156.25
30204,2019,113479.5833
30204,2020,118905.3333
30204,2021,125521
30054,2013,119211.5
30054,2014,143850.3333
30054,2015,158598.3333
30054,2016,167368.1667
30054,2017,172376.8333
30054,2018,186904.5833
30054,2019,204863.4167
30054,2020,217556.3333
30054,2021,244323.8333
30268,2013,107434.3333
30268,2014,122957.3333
30268,2015,134053.75
30268,2016,144867.9167
30268,2017,157524.5833
30268,2018,172607.0833
30268,2019,185764.9167
30268,2020,200071.75
30268,2021,226472.5
30346,2013,212486.4167
30346,2014,269859.3333
30346,2015,297413.5833
30346,2016,351957.75
30346,2017,413124.25
30346,2018,469385.0833
30346,2019,483639.25
30346,2020,499599.6667
30346,2021,555979
31064,2013,99611.66667
31064,2014,105046
31064,2015,110202.5833
31064,2016,114536.75
31064,2017,119940.0833
31064,2018,130126.8333
31064,2019,140419.0833
31064,2020,147018.4167
31064,2021,155820.8333
30025,2013,125298.0833
30025,2014,144976.3333
30025,2015,157538.25
30025,2016,170958.9167
30025,2017,180027.9167
30025,2018,196378.4167
30025,2019,213436.4167
30025,2020,225415.4167
30025,2021,248101.6667
30666,2013,121282.5
30666,2014,144860.3333
30666,2015,151867.1667
30666,2016,163140.75
30666,2017,176719.75
30666,2018,194212.5
30666,2019,205293
30666,2020,224256.5833
30666,2021,246090.3333
30217,2013,85404.41667
30217,2014,91104.25
30217,2015,96529.66667
30217,2016,103680.0833
30217,2017,109057.25
30217,2018,119053.75
30217,2019,127913.8333
30217,2020,133842.0833
30217,2021,140071.6667
30290,2013,239158.4167
30290,2014,254979.0833
30290,2015,272917.5833
30290,2016,288268.25
30290,2017,302825.5
30290,2018,310188.25
30290,2019,328873.4167
30290,2020,342202.5
30290,2021,365298.3333
30187,2013,135177
30187,2014,156676.75
30187,2015,164110.75
30187,2016,170492.5833
30187,2017,182615.5833
30187,2018,199557.25
30187,2019,215591.75
30187,2020,228887.1667
30187,2021,261092.8333
30108,2013,85167.08333
30108,2014,92088.41667
30108,2015,103464
30108,2016,107199.4167
30108,2017,121308.3333
30108,2018,130826.5833
30108,2019,142750.3333
30108,2020,154804.75
30108,2021,172106.6667
30288,2013,57724.25
30288,2014,68627.83333
30288,2015,74974.16667
30288,2016,81132.75
30288,2017,89304.25
30288,2018,111995.6667
30288,2019,129659.4167
30288,2020,142546.5833
30288,2021,159519.3333
30002,2013,256100.1667
30002,2014,288353.4167
30002,2015,305734.8333
30002,2016,330173.4167
30002,2017,357398
30002,2018,396838.5833
30002,2019,412377.9167
30002,2020,416684.0833
30002,2021,451625.3333
30176,2013,80807.58333
30176,2014,86235.33333
30176,2015,92233.16667
30176,2016,96309.41667
30176,2017,101294.5833
30176,2018,109230.3333
30176,2019,119272.5
30176,2020,126394
30176,2021,132859.6667
30145,2013,115019.0833
30145,2014,122840.75
30145,2015,130489.1667
30145,2016,140260.3333
30145,2017,150867.5
30145,2018,164848.0833
30145,2019,179290.5
30145,2020,190335.8333
30145,2021,207567.6667
30184,2013,148291.8333
30184,2014,160248.9167
30184,2015,170574.25
30184,2016,181689
30184,2017,198551
30184,2018,217219.9167
30184,2019,231868.9167
30184,2020,243737.1667
30184,2021,270895.8333
30175,2013,130954.4167
30175,2014,141119.6667
30175,2015,150480.6667
30175,2016,159001
30175,2017,169577.4167
30175,2018,182381.9167
30175,2019,192996.75
30175,2020,200091.9167
30175,2021,215491.8333
30183,2013,203239.8333
30183,2014,216165.0833
30183,2015,214477.9167
30183,2016,236987.4167
30183,2017,244638.4167
30183,2018,265227.0833
30183,2019,285741.75
30183,2020,297998.3333
30183,2021,330832
30313,2013,195411
30313,2014,228419.3333
30313,2015,254676.0833
30313,2016,280016.8333
30313,2017,308608.3333
30313,2018,338244.9167
30313,2019,340370.1667
30313,2020,348496.0833
30313,2021,370912.3333
30113,2013,88294.25
30113,2014,94383.08333
30113,2015,100346.3333
30113,2016,105220
30113,2017,111719.9167
30113,2018,120609.5833
30113,2019,130259.6667
30113,2020,136877.8333
30113,2021,145080.1667
31816,2013,45686.91667
31816,2014,48840.66667
31816,2015,51713.91667
31816,2016,54328.66667
31816,2017,57104.33333
31816,2018,58858.83333
31816,2019,60061.41667
31816,2020,61618.16667
31816,2021,64811
30363,2013,227572.5
30363,2014,253034.8333
30363,2015,271333
30363,2016,302469.5833
30363,2017,332069.3333
30363,2018,350083.9167
30363,2019,370978.5
30363,2020,376239.3333
30363,2021,398887.5
30292,2013,133894
30292,2014,144846.1667
30292,2015,154141.5833
30292,2016,161204
30292,2017,175388
30292,2018,191963.1667
30292,2019,206074.75
30292,2020,218330.1667
30292,2021,232452.5
30220,2013,89661.75
30220,2014,100393.6667
30220,2015,111383.5833
30220,2016,119247.6667
30220,2017,126944.8333
30220,2018,139045
30220,2019,147776.8333
30220,2020,157503.6667
30220,2021,172082
30222,2013,67983.75
30222,2014,74035.16667
30222,2015,78719
30222,2016,84264.75
30222,2017,90432.91667
30222,2018,96122.33333
30222,2019,98541.5
30222,2020,102871.0833
30222,2021,106838.8333
30295,2013,115778.25
30295,2014,124035.4167
30295,2015,131865.1667
30295,2016,139605.1667
30295,2017,148212.5833
30295,2018,161063.0833
30295,2019,173020.3333
30295,2020,180405.5
30295,2021,190570.1667
30257,2013,111142.4167
30257,2014,118371.4167
30257,2015,125110.9167
30257,2016,131334.4167
30257,2017,139237.6667
30257,2018,151052.3333
30257,2019,162243.3333
30257,2020,169713.5
30257,2021,179161.3333
30079,2013,107374.9167
30079,2014,123153.8333
30079,2015,132009.8333
30079,2016,137304.9167
30079,2017,155391.0833
30079,2018,181614.25
30079,2019,195813.1667
30079,2020,206428.75
30079,2021,227454
30185,2013,95990.16667
30185,2014,105700.0833
30185,2015,122199.5833
30185,2016,131344.25
30185,2017,146279.8333
30185,2018,165055.9167
30185,2019,180347.5
30185,2020,196591.25
30185,2021,214188.8333
30178,2013,125056.4167
30178,2014,136068.75
30178,2015,148485.0833
30178,2016,157450.9167
30178,2017,171623.4167
30178,2018,189485.8333
30178,2019,208025.75
30178,2020,212942.1667
30178,2021,236600
30055,2013,141540.1667
30055,2014,159147.8333
30055,2015,172167
30055,2016,182568.5833
30055,2017,187207.25
30055,2018,200718.75
30055,2019,223785.1667
30055,2020,233427.8333
30055,2021,250701.5
30259,2013,176507.25
30259,2014,189224.4167
30259,2015,198089.4167
30259,2016,206576.75
30259,2017,212099.8333
30259,2018,226545.1667
30259,2019,240011.5
30259,2020,254223.0833
30259,2021,281547.3333
30205,2013,240429.25
30205,2014,258259.5833
30205,2015,269267.9167
30205,2016,289108.5
30205,2017,312042.9167
30205,2018,327078.25
30205,2019,347277
30205,2020,372264.75
30205,2021,391598.8333
30663,2013,159850.4167
30663,2014,172515.4167
30663,2015,185235.0833
30663,2016,199970.1667
30663,2017,211231.3333
30663,2018,227282.0833
30663,2019,243851.1667
30663,2020,253208.1667
30663,2021,267220.8333
30170,2013,104612.6667
30170,2014,113486
30170,2015,125196.3333
30170,2016,135023.75
30170,2017,147097.3333
30170,2018,160207.5
30170,2019,176166.6667
30170,2020,189064.5833
30170,2021,201388.5
30293,2013,64498.25
30293,2014,70315.91667
30293,2015,74619.16667
30293,2016,78041.91667
30293,2017,82500.41667
30293,2018,87456.5
30293,2019,91130.5
30293,2020,93644.25
30293,2021,98939
30625,2013,225305.4167
30625,2014,241852.75
30625,2015,257272.3333
30625,2016,271702.25
30625,2017,285406.0833
30625,2018,302687.5833
30625,2019,319840.5
30625,2020,331374.5
30625,2021,347999
30303,2013,106526.5
30303,2014,123386.5
30303,2015,136397
30303,2016,153709.4167
30303,2017,169972.25
30303,2018,199052
30303,2019,220015.1667
30303,2020,242828.25
30303,2021,259402.6667
30182,2013,89080
30182,2014,93302.91667
30182,2015,101842
30182,2016,110776.1667
30182,2017,122404.8333
30182,2018,131968.25
30182,2019,144048.9167
30182,2020,155161.75
30182,2021,170427.1667
30206,2013,120924
30206,2014,129807.1667
30206,2015,137571.1667
30206,2016,145447.75
30206,2017,155603.0833
30206,2018,168903.8333
30206,2019,182867.5
30206,2020,192368.1667
30206,2021,203466
30256,2013,119974.1667
30256,2014,129024.9167
30256,2015,136123.1667
30256,2016,143590
30256,2017,150067.6667
30256,2018,162763.8333
30256,2019,174554
30256,2020,182126.9167
30256,2021,191307
30056,2013,116775.3333
30056,2014,135611.0833
30056,2015,148863
30056,2016,158609.4167
30056,2017,162915.25
30056,2018,175253.0833
30056,2019,195077.5833
30056,2020,203918.6667
30056,2021,218353.6667
30258,2013,107018.3333
30258,2014,114834.1667
30258,2015,121564.5
30258,2016,126640.3333
30258,2017,134612.5
30258,2018,144429.6667
30258,2019,156039.5833
30258,2020,163285.8333
30258,2021,171900.8333
30251,2013,87270.41667
30251,2014,93814.83333
30251,2015,98868.16667
30251,2016,103763.3333
30251,2017,110526.5
30251,2018,119134.5833
30251,2019,125257.4167
30251,2020,131407.9167
30251,2021,139598.8333
30072,2013,110813.4167
30072,2014,131716.25
30072,2015,123280.1667
30072,2016,136219.1667
30072,2017,158376.8333
30072,2018,171134.6667
30072,2019,180869.4167
30072,2020,191079.4167
30072,2021,209804.6667
31830,2013,86517.41667
31830,2014,93000.41667
31830,2015,98721.58333
31830,2016,106432.0833
31830,2017,111648.8333
31830,2018,119485.5833
31830,2019,122462.3333
31830,2020,123981.9167
31830,2021,127394.8333
30218,2013,91891.41667
30218,2014,98670.83333
30218,2015,104076.6667
30218,2016,109265.5833
30218,2017,115402.5833
30218,2018,123355.1667
30218,2019,129091.8333
30218,2020,133217.75
30218,2021,140125.6667
30336,2013,94607.16667
30336,2014,102006.0833
30336,2015,118650.5
30336,2016,127210
30336,2017,154782.1667
30336,2018,173528.8333
30336,2019,185748.9167
30336,2020,202008.4167
30336,2021,216348.1667
30234,2013,95847.16667
30234,2014,101785
30234,2015,105212.4167
30234,2016,108013.3333
30234,2017,111682
30234,2018,118780.5833
30234,2019,127474.1667
30234,2020,132792.8333
30234,2021,139089.8333
30641,2013,160104.8333
30641,2014,177637.5
30641,2015,189258.3333
30641,2016,202058.5833
30641,2017,215351.1667
30641,2018,238403.3333
30641,2019,254557.3333
30641,2020,268992.5
30641,2021,291638
30216,2013,61547.5
30216,2014,66716.5
30216,2015,69810.91667
30216,2016,72066.91667
30216,2017,74735.58333
30216,2018,77706.5
30216,2019,83989.75
30216,2020,87403.5
30216,2021,90806.5
30137,2013,99726.33333
30137,2014,104906
30137,2015,101154.0833
30137,2016,112060.3333
30137,2017,123611.0833
30137,2018,140997.0833
30137,2019,162484.3333
30137,2020,176856.8333
30137,2021,194818.8333
30148,2013,136524.9167
30148,2014,146258.1667
30148,2015,155769.8333
30148,2016,165206
30148,2017,172149.25
30148,2018,186868.0833
30148,2019,199114.0833
30148,2020,206416.4167
30148,2021,218994
30250,2015,125981
30250,2016,118601.8333
30250,2017,109298.0833
30250,2018,113505.5
30250,2019,138998.75
30250,2020,163703.6667
30250,2021,180410.5
31085,2013,103190.5833
31085,2014,108808.5
31085,2015,114527.4167
31085,2016,118115.0833
31085,2017,124175.3333
31085,2018,137876.1667
31085,2019,148746.5
31085,2020,156219.0833
31085,2021,166881
31038,2013,80905.58333
31038,2014,86372.66667
31038,2015,92126.41667
31038,2016,96292
31038,2017,101408.4167
31038,2018,108629.5
31038,2019,114208.8333
31038,2020,119228.0833
31038,2021,126306.3333
30177,2013,96778.25
30177,2014,104894.6667
30177,2015,113541.25
30177,2016,121316.75
30177,2017,126639.3333
30177,2018,135101.4167
30177,2019,144435.6667
30177,2020,150283.5833
30177,2021,157063.3333
30111,2013,83581.75
30111,2014,97421
30111,2015,107658.3333
30111,2016,110629.9167
30111,2017,128095
30111,2018,137992.8333
30111,2019,146334.5833
30111,2020,155955.0833
30111,2021,181122.5
30623,2013,129216.25
30623,2014,139931.5833
30623,2015,147842.75
30623,2016,155512.75
30623,2017,152935.75
30623,2018,154517.5
30623,2019,166635.8333
30623,2020,174269.0833
30623,2021,185442.5
30151,2013,38030.58333
30151,2014,37176.25
30151,2015,38102.16667
30151,2016,40634.66667
30151,2017,45850.5
30151,2018,51037.33333
30151,2019,63235
30151,2020,64874
30151,2021,65891.5
30289,2013,184235.9167
30289,2014,202560.6667
30289,2015,210094.4167
30289,2016,212571.1667
30289,2017,227717.25
30289,2018,248117.6667
30289,2019,265698.8333
30289,2020,274646.1667
30289,2021,305592
